state,district,name_dem_cand,name_rep_cand,dem_us_house_percent_2020,dem_us_house_percent_2018,dem_won_ushouse_2018,clinton_percent_2016,spending_dem_ushouse_2020,spending_rep_ushouse_2020
AL,1,"GARDNER, KIANI A","CARL, JERRY LEE, JR",35.538708,36.776482,0,34.938522,.11866185,2.2325439
AL,2,"HARVEY-HALL, PHYLLIS","COLEMAN, JEFF",34.682724,38.425938,0,33.707863,.057661161,2.6159773
AL,3,"WINFREY, ADIA","ROGERS, MICHAEL",32.459332,36.218445,0,33.094261,.04122109,1.2283404
AL,4,"NEIGHBORS, RICKY","ADERHOLT, ROBERT B. REP.",17.682978,20.129108,0,17.79141,.047908578,1.3521382
AL,5,"JOFFRION, PETER S.","BROOKS, MO",0,38.894707,0,32.604168,.0031069599,.22370666
AR,1,"CAUSEY, CHAD","CRAWFORD, ERIC ALAN RICK",0,28.77438,0,31.722689,.00060000003,1.0955175
AR,2,"ELLIOTT, JOYCE ANN SENATOR","HILL, JAMES FRENCH",44.634186,45.821117,0,44.31456,3.5401568,3.0592356
AR,3,"WILLIAMS, CELESTE SARENE","WOMACK, STEVE",31.80888,32.62925,0,33.008659,.3560597,.92412096
AR,4,"HANSON, WILLIAM MR.","COTTON, THOMAS",27.54195,31.228157,0,32.774868,.11168265,4.8423033
AZ,1,"O'HALLERAN, TOM","SHEDD, TIFFANY",51.610172,53.831612,1,49.416756,3.3596871,1.6552347
AZ,2,"KIRKPATRICK, ANN","MARTIN, BRANDON RAY",55.095863,54.733604,1,52.598091,1.4336623,.38752702
AZ,3,"GRIJALVA, RAUL M","WOOD, DANIEL",64.573425,63.865463,1,65.753426,.69128764,.042480942
AZ,4,"DISANTO, DELINA","GOSAR, PAUL DR.",30.22505,30.509142,0,28.886555,.07975781,.75923938
AZ,5,"GREENE, JOAN","BIGGS, ANDY MR.",41.101341,40.575409,0,38.788525,.22518863,1.3384317
AZ,6,"TIPIRNENI, HIRAL VYAS","SCHWEIKERT, DAVID S.",47.827286,44.806965,0,44.725739,6.413897,2.2833207
AZ,7,"GALLEGO, RUBEN","BARNETT, JOSH",76.693306,85.606316,1,76.059326,1.6686692,.017882669
AZ,8,"MUSCATO, MICHAEL ARCHANGEL","LESKO, DEBBIE",40.43298,44.533978,0,38.906414,.39932913,.99678195
AZ,9,"SINEMA, KYRSTEN","GILES, DAVID VICTOR",61.626465,61.085571,1,58.754028,1.3410854,.12993453
CA,1,"DENNEY, AUDREY L","LAMALFA, DOUG",43.005558,45.113411,0,39.374325,2.4754465,1.1794538
CA,2,"HUFFMAN, JARED","MENSING, DALE KENNETH",75.737938,77.007957,1,74.756233,.82181263,.0022357299
CA,3,"GARAMENDI, JOHN","HAMILTON, TAMIKA",54.673779,58.072948,1,56.745182,.71706033,.38458368
CA,4,"KENNEDY, BRYNNE","MCCLINTOCK, THOMAS",44.054596,45.868534,0,42.122185,3.0185287,2.1302965
CA,5,"THOMPSON, MIKE MR.","GIBLIN, SCOTT",76.090721,78.868126,1,74.010696,2.0447271,.00059385999
CA,6,"MATSUI, DORIS","BISH, CHRISTINE",73.343254,100,1,73.931625,1.0778247,.045285821
CA,7,"BERA, AMERISH","PATTERSON, ROBERT BUZZ",56.623913,55.044971,1,56.115879,1.1264359,.029664189
CA,8,"BUBSER, CHRISTINE","OBERNOLTE, JAY",43.940361,0,0,41.993637,1.8767179,1.9587861
CA,9,"MCNERNEY, GERALD MARK","AMADOR, ANTONIO",57.583027,56.491482,1,59.830868,1.1280957,.052225001
CA,10,"HARDER, JOSH","HOWZE, TED D II",55.163078,52.251011,1,51.595745,4.0911393,1.8782288
CA,11,"DESAULNIER, MARK","SHARMA, NISHA",72.99276,74.132416,1,75.902336,.44254673,.18299463
CA,12,"PELOSI, NANCY","LORRAINE, DEANNA",100,86.823181,1,90.832458,22.68181,.26219472
CA,13,"LEE, BARBARA","PITERMAN, KONSTANTINE NIKKA-SHER",90.365692,88.381042,1,92.781319,1.8101321,.0099438205
CA,15,"SWALWELL, ERIC MICHAEL","HAYDEN, ALISON",70.904663,72.967545,1,74.282677,4.1130009,.0083576506
CA,16,"COSTA, JIM MR.","COOKINGHAM, KEVIN",59.378304,57.545174,1,61.440678,1.8464943,.27029234
CA,17,"KHANNA, ROHIT","TANDON, RITESH",71.345886,75.347366,1,78.283897,2.5352023,.17801456
CA,18,"ESHOO, ANNA G","FOX, DR. RICHARD B",100,74.491623,1,78.4188,2.0786517,.02022237
CA,19,"LOFGREN, ZOE","AGUILERA, JUSTIN",71.68232,73.754868,1,77.224579,1.7718458,.01154218
CA,20,"PANETTA, JIMMY","GORMAN, JEFF",76.776192,81.373466,1,75.213676,1.5967164,.065047324
CA,21,"COX, TERRENCE JOHN (TJ)","VALADAO, DAVID",49.55323,50.379349,1,58.166492,6.0946536,4.0188346
CA,22,"ARBALLO, PHIL","NUNES, DEVIN G.",45.773769,47.277847,0,44.984161,5.1461072,20.201843
CA,23,"MANGONE, KIM","MCCARTHY, KEVIN",37.859909,36.283009,0,38.322716,1.6831486,25.148569
CA,24,"CARBAJAL, SALUD O.","CALDWELL, JAMES ANDREW",58.663429,58.5555,1,60.83691,1.4902304,1.2889028
CA,25,"SMITH, CHRISTY","GARCIA, MICHAEL",49.950878,54.366135,1,53.567627,5.9433808,9.7627563
CA,26,"BROWNLEY, JULIA","KENNEDY, RONDA",60.584862,61.942013,1,61.661343,1.3516787,.072891466
CA,27,"CHU, JUDY","NALBANDIAN, JOHNNY",69.775749,100,1,69.915253,.96313006,.03917047
CA,28,"SCHIFF, ADAM","EARLY, ERIC",72.65667,78.372002,1,76.377121,10.404171,3.8394742
CA,29,"CARDENAS, TONY","HERNANDEZ, DAVID RAYMOND",100,80.609856,1,82.222221,1.219561,0
CA,30,"SHERMAN, BRAD","KLEINMAN, PABLO",69.482788,73.401588,1,72.890297,1.1125864,7.0000001e-06
CA,31,"AGUILAR, PETE","MILLER, GARY G",61.288239,58.744503,1,61.187698,1.9151742,.13530819
CA,32,"NAPOLITANO, GRACE","SCOTT, JOSHUA",66.577606,68.778351,1,70.625664,.25604686,.01424784
CA,33,"LIEU, TED","LIEW, SARAH SUN",67.5802,70.02845,1,71.898201,1.6018062,.10147455
CA,34,"GOMEZ, JIMMY","WRIGHT, JOANNE",100,72.541573,1,88.653236,1.2734725,.032291152
CA,35,"TORRES, NORMA","CARGILE, MIKE",69.329964,69.398216,1,71.564484,.66705728,.036175057
CA,36,"RUIZ, RAUL DR.","CRUZ, ERIN",60.339451,59.016563,1,54.602509,1.7969266,.05398104
CA,37,"BASS, KAREN","WEBBER, ERROL MR.",85.939964,89.075546,1,89.926544,1.2204225,.17611156
CA,39,"CISNEROS, GILBERT","KIM, YOUNG",49.402386,51.557125,1,54.555084,4.503468,6.0700173
CA,40,"ROYBAL-ALLARD, LUCILLE","DELGADO, ANTONIO",72.739174,77.347694,1,86.526314,.75077009,.07927037
CA,41,"TAKANO, MARK","SMITH, AJA",64.030197,65.099731,1,64.824654,.96298862,.66730583
CA,42,"O'MARA, WILLIAM EDWARD DR IV","CALVERT, KEN",42.867622,43.500683,0,43.670887,.13007224,1.5522522
CA,43,"WATERS, MAXINE","COLLINS, JOE",71.684578,77.669189,1,82.439537,1.9471291,9.9852934
CA,44,"BARRAGAN, NANETTE","EARLEY, BILLY",100,100,1,87.093391,.72757941,.029579949
CA,45,"PORTER, KATHERINE","RATHS, GREGORY GERARD",53.464001,52.051006,1,52.866241,6.7171884,1.4087034
CA,46,"CORREA, LOU","WATERS, JAMES STEVENS",68.753784,69.146004,1,70.382164,.66654718,.0070480802
CA,47,"LOWENTHAL, ALAN","BRISCOE, JOHN",63.271881,64.855499,1,66.880341,.85960197,.061538469
CA,48,"ROUDA, HARLEY E JR","STEEL, MICHELLE",48.940014,53.551991,1,50.903294,6.4651742,6.2717385
CA,49,"JACOBS, SARA","ISSA, DARRELL",53.129578,56.41901,1,53.99361,7.6213861,16.521429
CA,50,"CAMPA-NAJJAR, AMMAR","DEMAIO, CARL",46.046799,48.284515,0,42.038216,6.4286828,3.3105507
CA,51,"VARGAS, JUAN CARLOS","HIDALGO, JUAN M SGTMAJ JR",68.304756,71.200951,1,75.898521,.80167085,.081181705
CA,52,"PETERS, SCOTT","DEBELLO, JAMES",61.575806,63.847137,1,62.006405,2.1602218,.42464957
CA,53,"GOMEZ, GEORGETTE","RAMOS, FAMELA SALDANA",100,69.074089,1,68.544106,1.6904395,.052926108
CO,1,"DEGETTE, DIANA L","BOLLING, SHANE",73.646095,73.814217,1,74.837311,1.0805886,.01365796
CO,2,"NEGUSE, JOSEPH","WINN, CHARLES E. DR",61.459713,60.287868,1,61.690449,.69002527,.10053758
CO,3,"BUSH, DIANE MITSCH MS.","BOEBERT, LAUREN",45.216263,43.554668,0,43.47826,5.0400138,2.6326754
CO,4,"MCCORKLE, ISAAC IAN","GARDNER, CORY",36.611755,39.380707,0,37.404579,.22796378,26.802263
CO,5,"FREELAND, JILLIAN","LAMBORN, DOUGLAS",37.3722,39.315037,0,36.725662,.18129352,.3900606
CO,6,"CROW, JASON","HOUSE, STEVEN",57.087666,54.103172,1,54.863388,2.9732149,1.2538942
CO,7,"PERLMUTTER, EDWIN G","STOCKHAM, CASPER WESLEY",59.129177,60.430878,1,56.607929,1.3454468,.14795934
CT,1,"LARSON, JOHN B","GRIFFIN, JAMES LEONARD",60.990387,60.609543,1,62.068966,1.3366044,.02675165
CT,2,"COURTNEY, JOSEPH D","ANDERSON, JUSTIN",56.432472,57.990623,1,51.534393,1.0025052,.078767121
CT,3,"DELAURO, ROSA L","STREICKER, MARGARET",56.127514,60.395058,1,58.047768,1.8133219,2.0123754
CT,4,"HIMES, JIM","GOLDSTEIN, MICHAEL TED",62.218475,61.210007,1,61.954262,2.1997402,.028215
CT,5,"HAYES, JAHANA","SULLIVAN, DAVID XAVIER",52.584946,52.796452,1,52.142113,1.6050076,.43017045
FL,1,"EHR, PHILLIP CHARLES","GAETZ, MATT",34.013893,32.94136,0,29.467085,1.9232752,4.602509
FL,2,"THRIPP, KRISTY","DUNN, NEAL PATRICK MD, FACS",0,32.558666,0,31.611572,.000145,.65691286
FL,3,"CHRISTENSEN, ADAM J","ST. GEORGE, JAMES",42.860035,42.375759,0,41.701244,.25494808,1.1124463
FL,4,"DEEGAN, DONNA","RUTHERFORD, JOHN",38.900265,32.354443,0,35.446983,1.0262982,1.2847662
FL,5,"LAWSON, ALFRED JR","ADLER, GARY",65.127769,66.781219,1,63.065842,.73187774,.14694418
FL,6,"THRIPP, RICHARD","WALTZ, MICHAEL",39.351978,43.686028,0,41.219009,.11089237,2.0368345
FL,7,"MURPHY, STEPHANIE","VALENTIN, LEO",55.344212,57.691921,1,53.821991,1.8285217,1.0283164
FL,8,"KENNEDY, JAMES","POSEY, BILL",38.64716,39.501896,0,39.229969,.13889025,1.1273388
FL,9,"SOTO, DARREN","OLSON, WILLIAM",56.029491,58.021748,1,56.670113,.94996029,.4025943
FL,10,"DEMINGS, VALDEZ 'VAL'","FRANCOIS, VENNIA V.",63.612091,100,1,63.908997,1.1982132,.33321494
FL,11,"COTTRELL, DANA","WEBSTER, DANIEL",33.277832,34.843784,0,33.401848,.062379692,.58860356
FL,12,"WALKER, KIMBERLY H MS","BILIRAKIS, GUS M",37.117855,39.664635,0,40.332638,.03354384,1.5539421
FL,13,"CRIST, CHARLIE JOSEPH","PAULINA LUNA, ANNA",53.039093,57.644707,1,51.666664,4.0591478,3.2860067
FL,14,"CASTOR, KATHY","QUINN, CHRISTINE YVONNE",60.257542,100,1,59.459461,1.2091943,.24129188
FL,15,"COHN, ALAN","FRANKLIN, SCOTT MR.",44.614777,46.97617,0,44.802494,2.3206451,1.6398169
FL,16,"GOOD, MARGARET ELIZABETH ROWELL","BUCHANAN, VERNON",44.499718,45.438545,0,44.467426,3.453335,3.6494915
FL,17,"ELLISON, ALLEN","STEUBE, GREG",34.065964,37.741207,0,36.008228,.078767352,.62976295
FL,18,"KEITH, PAMELA M.","MAST, BRIAN",41.508942,45.698814,0,45.277206,1.6675229,5.3698001
FL,19,"HOLDEN, DAVID","ASKAR, CASEY",38.720257,37.721836,0,38.61998,.23727559,7.2595348
FL,20,"HASTINGS, ALCEE L","MUSSELWHITE, GREGORY WAYNE SR.",78.676773,99.918655,1,81.586975,.54566807,.02753764
FL,21,"FRANKEL, LOIS J.","LOOMER, LAURA",59.024841,100,1,59.97953,1.3309931,2.2560201
FL,22,"DEUTCH, THEODORE ELIOT","PRUDEN, JAMES L.",58.601551,62.023701,1,58.077709,1.2836071,.27899885
FL,23,"WASSERMAN SCHULTZ, DEBBIE","SPALDING, CARLA A",58.190773,58.477165,1,63.357216,1.9926193,.93119061
FL,24,"WILSON, FREDERICA S","SPICER, LAVERN",75.551208,100,1,84.333672,.32101887,.03956116
FL,25,"BARZEE FLORES, MARY","DIAZ-BALART, MARIO",0,39.546619,0,49.077869,.02285536,.81137884
FL,26,"MUCARSEL-POWELL, DEBBIE","GIMENEZ, CARLOS",48.275692,50.874615,1,58.376156,6.9161716,2.2065642
FL,27,"SHALALA, DONNA","SALAZAR, MARIA ELVIRA",48.621037,51.761776,1,60.0616,3.8158808,3.6823709
GA,1,"GRIGGS, JOYCE MARIE","CARTER, EARL LEROY",41.65078,42.261341,0,42.034943,.12980033,1.76688
GA,2,"BISHOP, SANFORD","COLE, DONALD EUGENE",59.112419,59.649342,1,55.951172,1.4562593,.16354392
GA,3,"ALMONORD, VALBRUN","FERGUSON, ANDERSON DREW IV",34.954407,34.473698,0,33.779606,.036946442,2.1666834
GA,4,"JOHNSON, HENRY C. 'HANK","CRUZ, JOHSIRA C MRS",80.076599,78.846916,1,77.230766,.49821943,.02364623
GA,5,"LEWIS, JOHN R","STANTON KING, ANGELA",85.149345,100,1,87.719299,2.9695754,.30931336
GA,6,"MCBATH, LUCIA KAY MS.","HANDEL, KAREN CHRISTINE",54.588974,50.514805,1,49.211357,8.7572594,3.1561241
GA,7,"BOURDEAUX, CAROLYN","MCCORMICK, RICHARD DEAN DR.",51.391251,49.925297,0,46.715328,5.3318996,2.6817269
GA,8,"HOLLIDAY, LINDSAY DOZIER DR","SCOTT, JAMES AUSTIN",35.473827,0,0,35.209827,.0052200002,.73066944
GA,9,"PANDY, DEVIN D MR SR","COLLINS, DOUGLAS ALLEN",21.419312,20.494526,0,19.876415,.084782168,2.706291
GA,10,"FERGUSON, ANDREW","HICE, JODY",37.689922,37.108032,0,36.869205,.01990151,.46269834
GA,11,"BARRETT, DANA","LOUDERMILK, BARRY",39.573818,38.208603,0,36.924686,.39497688,.72306585
GA,12,"JOHNSON, ELIZABETH (LIZ)","ALLEN, RICHARD W",41.619289,40.521938,0,41.700821,.072360978,.66604781
GA,13,"SCOTT, DAVID ALBERT","HITES, BECKY E",77.38739,76.18438,1,72.745903,1.1427224,.063306049
GA,14,"VAN AUSDAL, KEVIN","GREENE, MARJORIE TAYLOR MRS.",25.289881,23.498198,0,22.760042,.12671234,2.709893
HI,1,"CASE, EDWARD","CURTIS, RON",64.657661,73.095528,1,67.414528,.57067525,.01560917
HI,2,"GABBARD, TULSI","AKANA, JOSEPH S",57.871418,77.36232,1,67.472527,2.6248586,.055343859
IA,1,"FINKENAUER, ABBY","ARENHOLZ, ASHLEY HINSON",47.490749,50.96352,1,48.136314,5.912075,5.0621309
IA,2,"HART, RITA","MILLER-MEEKS, MARIANNETTE JANE",47.575661,54.790314,1,47.821468,4.1436229,1.7399524
IA,3,"AXNE, CINDY","YOUNG, DAVID",47.569187,49.30426,1,48.128342,6.2949209,3.139879
IA,4,"SCHOLTEN, JAMES D.","FEENSTRA, RANDALL",36.055492,47.005756,0,35.487289,2.929626,1.8953903
ID,1,"SOTO, RUDY","FULCHER, RUSSELL",28.649559,30.762152,0,28.507294,.30516893,.51596463
ID,2,"SWISHER, CARLTON AARON","SIMPSON, MICHAEL",31.725153,39.329781,0,35.349941,.074268319,1.1011044
IL,1,"RUSH, BOBBY LEE","WHITE, PHILANISE",73.800682,73.50563,1,77.892563,.50077939,.0050478503
IL,3,"NEWMAN, MARIE","FRICILONE, MIKE",56.378727,73.008591,1,58.044163,2.7327425,.12797961
IL,4,"GARCIA, JESUS","SOLORIO, JESUS EDUARDO JR",84.053841,86.585152,1,86.149002,.72642201,.00084327004
IL,6,"CASTEN, SEAN","IVES, JEANNE",52.81744,53.575253,1,53.747322,5.4377394,3.244293
IL,8,"KRISHNAMOORTHI, S. RAJA","DIGANVKER, JITENDRA JD",73.160683,65.974724,1,61.48148,2.2599032,.00047068999
IL,9,"SCHAKOWSKY, JANICE D","SANGARI, SARGIS",70.982208,73.486229,1,73.789474,1.5384394,.034714621
IL,10,"SCHNEIDER, BRADLEY SCOTT","MUKHERJEE, VALERIE RAMIREZ",63.874603,65.590118,1,65.539116,3.0240018,1.0747843
IL,11,"FOSTER, G. WILLIAM (BILL)","BANSAL, KRISHNA K",63.295891,63.840801,1,62.460232,1.8611127,.20634396
IL,12,"COSTELLO, JERRY F","BOST, MICHAEL",39.569065,45.393681,0,42.226891,.20505944,1.5403123
IL,13,"LONDRIGAN, BETSY DIRKSEN","DAVIS, RODNEY L",45.537071,49.618977,0,47.071354,5.3438673,4.8910012
IL,14,"UNDERWOOD, LAUREN","OBERWEIS, JIM",50.668991,52.501858,1,47.914436,7.3603768,3.2077978
IL,15,"WEAVER, ERIKA C","SHIMKUS, JOHN M",26.553944,29.071468,0,25.735294,.032133751,.84294158
IL,16,"BRZOZOWSKI, DANI","KINZINGER, ADAM",35.283108,40.87521,0,40.831554,.43682319,1.5980812
IL,17,"BUSTOS, CHERI","KING, ESTHER JOY",52.021873,62.093414,1,49.628056,6.479373,2.0557935
IL,18,"HAASIS, MARK","LAHOOD, DARIN MCKAY",29.590002,32.766552,0,35.463261,.0123324,1.7619733
IN,1,"VISCLOSKY, PETER J.","HANDLEY, MONT ANDREW",56.638973,65.09182,1,56.589958,.9953475,.024912661
IN,2,"HACKETT, MARY PATRICIA","WALORSKI SWIHART, JACKIE",38.506134,45.158569,0,37.840672,.87097174,1.6964933
IN,3,"COLDIRON, CHIP WINTER MR.","BANKS, JAMES E HON.",32.160149,35.273708,0,31.617647,.093091473,.7910406
IN,4,"MACKEY, JOSEPH","BAIRD, JAMES R DR.",33.376366,35.939972,0,31.957672,.04378007,.23320763
IN,5,"HALE, CHRISTINA","SPARTZ, VICTORIA",45.942829,43.238319,0,43.75,4.0083032,3.1614821
IN,6,"LAKE, JEANNINE LEE","PENCE, GREGORY J.",27.757278,32.85952,0,28.811777,.15289764,2.8497081
IN,7,"CARSON, ANDRE","SMITH, SUSAN MARIE",62.435238,64.862862,1,61.974789,.88286161,.059843391
IN,8,"MARSILI, THOMASINA","BUCSHON, LARRY D.",29.84589,35.570282,0,32.356022,.068480007,1.0842505
IN,9,"RUFF, ANDY","YOUNG, TODD CHRISTOPHER",34.137333,43.517677,0,35.886673,.13641234,1.2060744
KS,1,"BARNETT, KALI","MANN, TRACEY ROBERT",28.840279,31.854523,0,25.961536,.59681082,1.2822955
KS,2,"DE LA ISLA, MICHELLE","LATURNER, JAKE",40.63155,46.794338,0,40.128757,1.8264482,1.5916264
KS,3,"DAVIDS, SHARICE","ADKINS, AMANDA",53.615826,53.571308,1,50.643776,5.3203192,2.1833999
KS,4,"LOMBARD, LAURA","ESTES, RON",36.347534,40.563591,0,35.407726,.27028766,1.4295294
KY,1,"WALKER, PAUL","COMER, JAMES",25.007156,31.411943,0,24.818275,.00021637,.50769436
KY,2,"LINDERMAN, HANK","GUTHRIE, S. BRETT HON.",26.260618,31.072685,0,29.022081,.071121968,1.5790446
KY,3,"YARMUTH, JOHN","CRAVEN , MIKE",62.666088,62.070179,1,57.911392,.69528139,.10396611
KY,4,"OWENSBY, ALEXANDRA DR.","MASSIE, THOMAS H.",32.913216,34.580536,0,31.005291,.10641925,1.5707042
KY,5,"STEPP, KENNETH STEPHENSON","ROGERS, HAROLD DALLAS",15.792194,21.048817,0,18.022657,.00017299999,.84284288
KY,6,"HICKS, JOSH","BARR, GARLAND ANDY",40.959438,47.78532,0,41.87035,2.9923456,4.3912206
LA,3,"ANDERSON, ROBERT JON","HIGGINS, CLAY CAPTAIN",29.482243,30.378178,0,30.259068,.048015159,.73621863
LA,4,"HOUSTON, KENNY","JOHNSON, JAMES MICHAEL",33.260708,33.629974,0,37.65432,.033957321,1.0635173
LA,5,"LEMELLE, MARTIN","LETLOW, LUKE JOSHUA",22.884001,29.970619,0,34.938522,.16410731,1.3059572
LA,6,"WILLIAMS, DARTANYON A","GRAVES, GARRET",25.545996,28.569407,0,32.359081,.098113619,1.2402493
MA,1,"NEAL, RICHARD E MR.","CAIN, JOHN",73.883598,97.644073,1,61.045891,5.9576306,.011021161
MA,2,"MCGOVERN, JAMES P. MR.","LOVVORN, TRACY LYN",63.401203,67.159248,1,60.430107,1.0932047,.0223186
MA,3,"TRAHAN, LORI","GREEN, RICK",73.902267,61.997231,1,62.179485,1.4995621,.0042154999
MA,4,"AUCHINCLOSS, JAKE","HALL, JULIE",57.786636,97.718468,1,62.845013,2.4154372,.13437796
MA,5,"CLARK, KATHERINE","COLARUSSO, CAROLINE",71.225845,75.883324,1,72.947372,1.5420988,.15063904
MA,6,"MOULTON, SETH","MORAN, JOHN PAUL",63.27739,65.185417,1,59.490986,1.8308825,.30426103
MA,7,"PRESSLEY, AYANNA","CAMPBELL, RAYLA",81.802856,98.252357,1,87.604164,1.7756758,.052728552
MA,9,"KEATING, WILLIAM RICHARD","BRADY, HELEN",58.864826,59.379555,1,55.673382,.65259796,.02413531
MD,1,"COLVIN, JESSE","HARRIS, ANDREW P",36.376301,38.098274,0,35.010483,.057016399,.98329955
MD,2,"RUPPERSBERGER, C. A. DUTCH","SALLING, JOHNNY RAY MR.",67.716385,66.00856,1,62.734863,.93829393,.066895396
MD,3,"SARBANES, JOHN P. MR.","ANTHONY, CHARLES",69.762543,69.109192,1,66.035751,.69230264,.0067419903
MD,5,"HOYER, STENY","PALOMBI, CHRISTOPHER",68.752052,70.279312,1,66.632019,4.3638906,.045695379
MD,6,"DELANEY, JOHN K","PARROTT, NEIL CONRAD MR.",58.820961,58.975208,1,57.905758,23.565912,.26215857
MD,7,"CUMMINGS, ELIJAH E","KLACIK, KIMBERLY",71.627022,76.440254,1,78.958336,1.4052098,7.5024171
MD,8,"RASKIN, JAMIE","COLL, GREGORY THOMAS",68.233093,68.167412,1,67.991631,1.4381418,.027352249
ME,1,"PINGREE, CHELLIE M","ALLEN, JAY THOMAS",60.49453,58.819832,1,57.922913,.27667126,.069853313
ME,2,"GOLDEN, JARED","CRAFTS, DALE",52.054035,49.483067,1,44.43243,5.3446412,1.2795867
MI,1,"FERGUSON, DANA","BERGMAN, JOHN",36.838299,43.683399,0,38.730156,.34603319,1.8504807
MI,2,"BERGHOEF, BRYAN","HUIZENGA, WILLIAM P",38.220249,42.968868,0,40.638298,.66991168,1.9201262
MI,3,"SCHOLTEN, HILLARY","MEIJER, PETER MR.",47.040173,43.182404,0,44.989342,3.813355,3.4129977
MI,4,"FEIG, ANTHONY","MOOLENAAR, JOHN MR.",32.365337,37.3759,0,36.836517,.05149354,1.0424436
MI,5,"KILDEE, DANIEL T.","KELLY, TIMOTHY P",54.454731,59.513123,1,52.205883,1.5112901,.072426669
MI,6,"HOADLEY, JON","UPTON, FREDERICK STEPHEN",40.130085,45.69347,0,45.541401,3.1173925,3.4948013
MI,7,"DRISKELL, GRETCHEN","WALBERG, TIMOTHY L REP",41.248802,46.204163,0,40.995762,1.7628543,1.6015064
MI,8,"SLOTKIN, ELISSA","JUNGE, PAUL",50.875465,50.609936,1,46.455029,7.5879445,2.10199
MI,9,"LEVIN, ANDY","GROSSBARD, GAVRIEL",57.706886,59.670414,1,54.096638,.91943675,.035428077
MI,10,"BIZON, KIMBERLY ANN","MCCLAIN, LISA",33.719795,34.996239,0,33.123692,.041245647,2.3621814
MI,11,"STEVENS, HALEY","ESSHAKI, ERIC",50.197906,51.8414,1,47.684208,5.8154526,1.3993084
MI,12,"DINGELL, DEBBIE","JONES, JEFF",66.425667,68.081787,1,63.798531,1.69236,.0096568204
MI,13,"TLAIB, RASHIDA","LEMMO, ALFRED C MR.",78.075096,84.236298,1,81.320953,3.7695687,.6706084
MN,1,"KAEHLER, RALPH","HAGEDORN, JAMES",0,0,0,41.875683,.0477404,2.3429675
MN,2,"CRAIG, ANGELA DAWN","KISTNER, TYLER",48.180969,0,0,49.346405,4.7319136,3.019788
MN,3,"JENNINGS, ADAM THOMAS","QUALLS, KENDALL",55.605125,0,0,55.097614,.014065861,1.7769068
MN,5,"ELLISON, KEITH MAURICE","JOHNSON, LACY",64.265533,0,0,79.934921,.059074603,12.145456
MN,7,"PETERSON, COLLIN CLARK","FISCHBACH, MICHELLE",39.848465,0,0,33.405174,2.8879843,2.6081855
MN,8,"CLARK, TARRYL LYNN","STAUBER, PETER ALLEN",0,0,0,41.594826,.0054971003,2.6180589
MO,2,"SCHUPP, JILL DARLYNE","WAGNER, ANN L.",45.519287,47.22868,0,44.573235,4.8497891,6.5683198
MO,3,"OGLESBY, DENNIS","LUETKEMEYER, W BLAINE",28.500202,32.83622,0,29.516808,.017153149,2.0854232
MO,4,"SIMMONS, LINDSEY NICOLE","HARTZLER, VICKY",29.664919,32.718296,0,30.972515,.39043754,1.3430605
MO,5,"CLEAVER, EMANUEL II","BARHAM, JERRY",58.78614,61.6731,1,57.127773,.95009363,.19781522
MO,6,"MARTIN, HENRY","GRAVES, SAMUEL B. JR.",30.827496,31.976791,0,33.43882,.031261209,1.6559303
MO,7,"SCHOOLCRAFT, JAMIE DANIEL","LONG, BILLY MR.",26.567972,30.08551,0,25.97266,0,1.5349772
MO,8,"ELLIS, KATHRYN GAIL","SMITH, JASON T",21.367487,25.019382,0,21.784231,.30725572,1.5169299
MS,1,"ELIASON, ANTONIA","KELLY, JOHN TRENT",31.252872,32.386555,0,33.128834,.01842409,.83743566
MS,2,"THOMPSON, BENNIE G.","FLOWERS, BRIAN WESLEY",66.016678,71.786842,1,64.437691,1.0994041,.01789071
MS,3,"LEE, KATELYN","GUEST, MICHAEL PATRICK",35.332283,36.716537,0,37.512741,.000039999999,.5541504
MS,4,"ANDERSON, JERAMEY DEWAYNE","PALAZZO, STEVEN MCCARTY",0,30.745268,0,28.893442,.00123778,.75874913
NC,1,"BUTTERFIELD, G. K.","SMITH, SANDY",54.176777,69.847618,1,55.645985,.88775229,1.6830989
NC,2,"ROSS, DEBORAH","HOLDING, GEORGE E MR.",62.963593,45.817055,0,62.681911,1.8402646,.8988353
NC,3,"THOMAS, ALLEN","MURPHY, GREGORY FRANCIS DR",36.61599,0,0,37.435898,.62358677,1.6127175
NC,4,"PRICE, DAVID E.","SARKAR, DEBESH",67.329994,72.368141,1,67.14727,1.0301908,.02437208
NC,5,"BROWN, DAVID WILSON","FOXX, VIRGINIA ANN",31.109116,42.96521,0,31.076923,.0606675,1.963676
NC,6,"MANNING, KATHY","WALKER, BRADLEY MARK MR.",62.272888,43.483963,0,61.048306,1.7695904,.78898627
NC,7,"WARD, CHRISTOPHER M","ROUZER, DAVID CHESTON",39.593506,42.802998,0,39.773895,.0041185096,1.0529248
NC,8,"TIMMONS-GOODSON, PATRICIA","HUDSON, RICHARD L. JR.",46.716244,44.661297,0,45.323738,3.9311986,4.4049382
NC,9,"MCCREADY, DANIEL","BISHOP, JAMES DANIEL",44.407906,48.932678,0,44.639175,8.0273399,4.3507266
NC,10,"PARKER, DAVID PAYNE","MCHENRY, PATRICK TIMOTHY",31.092402,40.70726,0,30.390142,.032121461,2.3513615
NC,11,"DAVIS, MORRIS D. COL.","CAWTHORN, DAVID MADISON",42.34391,38.749973,0,41.09166,2.1764054,4.6123705
NC,12,"ADAMS, ALMA SHEALEY","BREWSTER, BILLY JOEL",100,73.072815,1,69.524796,.66962677,.016762631
NC,13,"HUFFMAN, SCOTT","BUDD, THEODORE P.",31.8181,45.544781,0,31.352459,.19096687,1.3246588
NE,1,"BOLZ, KATE","FORTENBERRY, JEFFREY L. HONORABLE",37.668388,39.640774,0,38.633938,1.1458967,2.465446
NE,2,"EASTMAN, KARA","BACON, DONALD J",46.208771,49.004971,0,48.832272,4.5781989,3.7551436
NE,3,"THEOBALD, PAUL GILBERT","SMITH, ADRIAN",17.676186,23.278513,0,21.074816,.0065242597,1.1536443
NH,1,"PAPPAS, CHRIS","MOWERS, MATT",51.316696,53.561203,1,49.156116,3.1222141,1.7583001
NH,2,"KUSTER, ANN MCLANE","NEGRON, STEVE",53.8993,55.543518,1,51.265823,3.0553515,.45954162
NJ,1,"NORCROSS, DONALD W","PATTERSON, ROBERT W.",62.480068,64.394989,1,62.668045,1.1022569,.30580485
NJ,2,"KENNEDY, AMY","VAN DREW, JEFF MR",46.16927,52.904247,1,47.619049,5.0425496,4.1388612
NJ,3,"KIM, ANDY","RICHTER, DAVID",53.233032,50.01157,1,46.79089,6.8699937,1.5551481
NJ,4,"SCHMID, STEPHANIE","SMITH, CHRISTOPHER H",38.273384,43.066711,0,42.355373,.76017553,1.2883785
NJ,5,"GOTTHEIMER, JOSH","PALLOTTA, FRANK",53.152943,56.173981,1,49.430054,3.5932305,2.077177
NJ,6,"PALLONE, FRANK JR","PEZZULLO, RICHARD J.",61.165165,63.632542,1,58.057854,2.0300326,.05721911
NJ,7,"MALINOWSKI, TOM","KEAN, THOMAS H. JR.",50.611942,51.739471,1,50.572319,7.5035968,3.8406506
NJ,9,"PASCRELL, WILLIAM J. HON. JR.","PREMPEH, WILLIAM SREBOE",65.7985,70.269844,1,66.016426,1.8422587,.035075013
NJ,11,"SHERRILL, MIKIE","BECCHI, ROSEMARY",53.303673,56.767231,1,49.534645,3.8078682,1.6977693
NJ,12,"COLEMAN, BONNIE WATSON","RAZZOLI, MARK",65.643044,68.681129,1,67.148758,.84894186,.00114241
NM,1,"HAALAND, DEBRA","GARCIA HOLMES, MICHELLE",27.026834,59.13261,1,59.515572,1.9035205,.38358372
NM,2,"TORRES SMALL, XOCHITL","HERRELL, STELLA YVETTE",19.658157,50.933975,1,44.333336,8.6309452,2.9841955
NM,3,"LUJAN, BEN R MR.","JOHNSON, ALEXIS M",26.011625,63.375027,1,58.531071,9.5969629,.15617545
NV,1,"TITUS, DINA","LARIOS-ELIAS, CITLALY",61.765217,66.167107,1,65.392784,.58997905,.0046545602
NV,2,"ACKERMAN, PATRICIA GERALDENE MS.","AMODEI, MARK EUGENE",40.708385,41.769234,0,43.29335,.46092144,1.0487392
NV,3,"LEE, SUSIE","RODIMER, DAN",48.752552,51.892941,1,49.468086,4.7815423,3.1312134
NV,4,"HORSFORD, STEVEN ALEXZANDER","MARCHANT, JIM",50.668484,51.927895,1,52.603615,3.048785,1.5507145
NY,1,"GOROFF, NANCY","ZELDIN, LEE MICHAEL",21.644831,45.995789,1,43.640125,7.9363713,8.2825632
NY,2,"GORDON, JACQUELINE","GARBARINO, ANDREW",23.217915,45.105858,0,45.30444,4.3626623,1.6647757
NY,3,"SUOZZI, THOMAS","DEVOLDER-SANTOS, GEORGE ANTHONY",27.358414,56.143143,1,53.14109,2.350872,.63853657
NY,4,"RICE, KATHLEEN","TUMAN, DOUGLAS",51.884209,60.232277,1,54.938274,1.2284323,.13222377
NY,5,"MEEKS, GREGORY W.","O'REILLY, MICHAEL",82.446053,99.398651,1,87.093498,1.4958998,0
NY,6,"MENG, GRACE","ZMICH, THOMAS",57.776772,84.501823,1,66.975311,1.8764683,.13317846
NY,7,"VELAZQUEZ, NYDIA M.","PEREIRA, AVERY MR",66.713295,85.265923,1,89.311409,.69447702,.00011382
NY,10,"NADLER, JERROLD L.","BERNSTEIN, CATHY",62.675961,76.854637,1,80.638519,1.9608598,.02838403
NY,11,"ROSE, MAX","MALLIOTAKIS, NICOLE",44.673817,50.397301,1,44.9692,9.5379353,3.4835603
NY,12,"MALONEY, CAROLYN B.","RABIN, ELIOT MR.",78.901688,81.729576,1,86.053719,3.0617518,.00065832003
NY,13,"ESPAILLAT, ADRIANO","GWINN, LOVELYNN",75.931389,89.854111,1,94.472878,1.2560422,.0413482
NY,14,"OCASIO-CORTEZ, ALEXANDRIA","CUMMINGS, JOHN C.",68.27079,78.126678,1,79.692307,17.310936,11.015378
NY,15,"TORRES, RITCHIE JOHN","FAULKNER , MICHEL",84.679703,94.031647,1,95.035461,1.8312342,0
NY,17,"SCHLEIFER, ADAM","MCARDLE SCHULMAN, MAUREEN B MRS",53.381634,82.502159,1,60.412369,5.7271738,.060083698
NY,18,"MALONEY, SEAN PATRICK","FARLEY, CHELE CHIAVACCI",47.982018,50.207794,1,49.011444,1.7698565,1.1527381
NY,19,"DELGADO, ANTONIO","FASO, JOHN J. MR.",45.428188,47.079372,1,46.413502,3.034333,.12209166
NY,20,"TONKO, PAUL DAVID","JOY, ELIZABETH L",52.540798,60.647182,1,57.142857,1.4242847,.34662366
NY,21,"COBB, TEDRA","STEFANIK, ELISE M.",37.57616,39.697025,0,42.598507,5.7001362,11.718617
NY,22,"BRINDISI, ANTHONY","TENNEY, CLAUDIA",42.532642,46.176537,1,41.76408,5.9013419,2.8003466
NY,23,"MITRANO, TRACY","REED, THOMAS W",35.819946,41.982079,0,42.144375,1.5638837,3.2029335
NY,24,"BALTER, DANA","KATKO, JOHN M",41.926056,44.496059,1,51.910828,3.290591,3.6152408
NY,25,"MORELLE, JOSEPH D","MITRIS, GEORGE MR.",51.038307,54.782688,1,58.668076,1.3170248,.27904707
NY,27,"MCMURRAY, NATHAN","JACOBS, CHRISTOPHER L.",34.351101,44.923588,1,37.091675,1.1316688,2.0898547
OH,1,"SCHRODER, KATE","CHABOT, STEVE",44.647987,46.903156,0,46.555321,4.0722384,2.8883691
OH,2,"CASTLE, JAIME","WENSTRUP, BRAD DR.",38.908356,41.197472,0,41.570683,.27971423,1.7642976
OH,3,"BEATTY, JOYCE","LONG, CHRIS",70.827057,73.608406,1,70.083679,2.5513015,0
OH,4,"LARSEN, MIKE","JORDAN, JAMES D.",29.31225,34.73592,0,32.315788,.23125806,13.268968
OH,5,"RUBANDO, NICK","LATTA, ROBERT EDWARD",32.00214,35.137173,0,36.69141,.25382885,1.4909794
OH,6,"ROBERTS, SHAWNA","JOHNSON, BILL",25.586411,30.749126,0,27.8125,.00057440001,1.8525249
OH,7,"HARBAUGH, KENNETH","GIBBS, ROBERT",29.174524,41.256382,0,34.417629,.021206051,.45392826
OH,8,"ENOCH, VANESSA L. DR.","DAVIDSON, WARREN",31.013254,33.423962,0,31.974922,.037679423,.85473484
OH,9,"KAPTUR, MARCY HON.","WEBER, ROBERT MARION",63.074314,67.785217,1,61.659664,.98729777,.12326238
OH,10,"TIMS, DESIREE","TURNER, MICHAEL R",41.643192,42.163307,0,46.169991,2.0532379,1.7489014
OH,11,"FUDGE, MARCIA L.","GORE, LAVERNE",80.053307,82.238091,1,82.564102,.52653521,.16419491
OH,12,"SHEARER, ALAINA","BALDERSON, WILLIAM TROY",41.777176,47.198132,0,44.058887,1.0324529,1.9997729
OH,13,"RYAN, TIMOTHY","HAGAN, CHRISTINA",52.488052,60.994946,1,53.39603,2.0895448,.83055967
OH,14,"MUERI, HILLARY O'CONNOR","JOYCE, DAVID P",39.900867,44.752048,0,43.991642,.57489902,2.5261447
OH,15,"NEWBY, JOEL III","STIVERS, STEVE MR.",36.566837,39.704147,0,41.911766,.056016959,2.3053203
OH,16,"GODFREY, AARON PAUL","GONZALEZ, ANTHONY E",36.808582,43.268826,0,41.274818,.06042954,1.8952085
OK,1,"ASAMOA-CAESAR, KOJO","HERN, KEVIN",32.682705,40.700554,0,34.750267,.21092826,1.1600664
OK,2,"BOREN, DAVID DANIEL","MULLIN, MARKWAYNE MR.",21.998634,30.102036,0,23.82445,.23258398,1.0883839
OK,4,"BRANNON, MARY","COLE, TOM",28.775791,32.998924,0,30.106384,.0066389702,1.7572303
OK,5,"HORN, KENDRA","BICE, STEPHANIE",47.937626,50.698441,1,42.795696,5.9765372,3.5678794
OR,1,"BONAMICI, SUZANNE","CHRISTENSEN, CHRIS C MR.",64.594833,63.647251,1,62.418301,.86730063,.00077177002
OR,2,"HOLM, JOHN PAUL","WALDEN, GREGORY P. MR.",36.919289,39.40723,0,39.181915,.056879103,1.8745159
OR,3,"BLUMENAUER, EARL","HARBOUR, JOANNA",73.022232,72.599564,1,75.858368,1.9639492,.01450236
OR,4,"DEFAZIO, PETER A","SKARLATOS, ALEK",51.517517,55.970478,1,50.054287,5.8845935,5.3389645
OR,5,"SCHRADER, KURT","COURSER, AMY RYAN",51.886684,55.008102,1,52.272728,1.9379766,.22154197
PA,1,"FINELLO, CHRISTINA","FITZPATRICK, BRIAN",43.442184,48.74044,0,51.039501,2.3708141,4.3090277
PA,3,"EVANS, DWIGHT","ENGLISH, PHILIP S.",91.030136,93.380775,1,92.849846,.78606302,0
PA,4,"DEAN, MADELEINE","BARNETTE, KATHY",59.527443,63.522442,1,60.020767,1.1470788,.91815156
PA,5,"SCANLON, MARY GAY","PRUETT, DASHA",64.696747,65.188667,1,64.536079,1.3749694,.085736528
PA,6,"HOULAHAN, CHRISSY","EMMONS, JOHN MR.",56.054222,58.875919,1,54.848801,1.4198003,.801516
PA,7,"WILD, SUSAN","SCHELLER, LISA",51.866364,53.487988,1,50.571133,4.5915012,3.6617382
PA,8,"CARTWRIGHT, MATTHEW A.","BOGNET, JIM",51.777412,54.642052,1,45.051548,4.2146425,1.4072617
PA,9,"WEGMAN, GARY","MEUSER, DANIEL",33.669655,40.254372,0,32.291668,.2136396,.94560403
PA,10,"DEPASQUALE, EUGENE","PERRY, SCOTT",46.687626,48.677643,0,45.350052,4.5383506,3.90534
PA,11,"KING, JESSICA","SMUCKER, LLOYD K.",36.876369,41.023979,0,36.449581,.076809496,.67177433
PA,12,"FRIEDENBERG, MARC","KELLER, FRED",29.156109,33.962486,0,31.002089,.22079466,1.0877007
PA,13,"ROWLEY, TODD","JOYCE, JOHN",26.51255,29.507711,0,26.370218,.067527279,.47789326
PA,14,"MARX, WILLIAM A MR. III","RESCHENTHALER, GUY MR.",35.305408,42.094654,0,35.02066,.045959249,1.5946614
PA,15,"EATON, J JACKSON","THOMPSON, GLENN MR.",26.541557,32.157635,0,27.518171,.0085500004,1.8660092
PA,16,"GNIBUS, KRISTY","KELLY, GEORGE J JR",40.661491,47.298355,0,39.561588,.58888382,1.3804533
PA,17,"LAMB, CONOR","PARNELL, RICHARD SEAN",51.147087,56.257313,1,48.648647,3.4885905,3.7881687
PA,18,"DOYLE, MICHAEL","NEGRON, LUKE",69.248161,100,1,64.219238,1.0034628,.058837119
RI,2,"LANGEVIN, JAMES R HONORABLE","LANCIA, BOB",58.243023,63.492924,1,53.73291,1.428508,.049076661
SC,1,"CUNNINGHAM, JOE","MACE, NANCY",49.314346,50.604839,1,43.024494,7.1380949,5.8136663
SC,2,"BOROUGHS, ADAIR FORD","WILSON, JOE THE HON.",42.58968,42.466915,0,40.674393,2.5350735,1.76218
SC,3,"CLEVELAND, HOSEA N","DUNCAN, JEFFREY D MR.",28.693745,30.965853,0,30.208334,.045106649,1.2895778
SC,4,"NELSON, KIMBERLY","TIMMONS, WILLIAM R IV",36.894466,36.557491,0,36.430836,.16854326,1.3680332
SC,5,"BROWN, MAURICUS","NORMAN, RALPH W. JR.",39.856876,41.487415,0,40.374611,.48430544,.9101513
SC,6,"CLYBURN, JAMES E.","GRESSMANN, GERHARD RALF REV",68.177094,70.126869,1,68.795059,2.3729343,.0072969901
SC,7,"WATSON, MELISSA WARD","RICE, TOM",38.139641,40.30991,0,40.267765,.15074775,1.2524577
TN,1,"WALSINGHAM, BLAIR NICOLE","HARSHBARGER, DIANA",22.466219,21.01729,0,20.435686,.13499455,1.8708258
TN,2,"HOYOS, RENEE","BURCHETT, TIM",31.054625,33.062477,0,31.329115,.81939733,.88921809
TN,3,"GORMAN, MEG","FLEISCHMANN, CHARLES J",30.49869,34.476433,0,31.589958,.07858105,.38721117
TN,4,"HALE, CHRISTOPHER JOLLY","DESJARLAIS, SCOTT HON.",33.334724,33.58342,0,28.541666,.31002083,.39331356
TN,5,"COOPER, JAMES H.S.","SNYDER, STACY RIES",99.994453,67.845322,1,59.66209,1.335309,0
TN,6,"GORDON, BART","ROSE, JOHN W.",23.986635,28.290585,0,24.610594,.08649426,1.1582444
TN,7,"SREEPADA, KIRAN","GREEN, MARK DR.",27.332983,32.101467,0,29.467085,.20719099,1.0254867
TN,8,"STOTTS-PEARSON, ERIKA","KUSTOFF, DAVID",29.498001,30.101269,0,31.649485,.01608501,1.0764296
TN,9,"COHEN, STEPHEN IRA","BERGMANN, CHARLOTTE",77.365364,79.976967,1,79.650566,.45867112,.10383511
TX,1,"GILBERT, HANK","GOHMERT, LOUIS B. MR. JR.",27.42137,26.324766,0,25.948719,.73441052,.59238815
TX,2,"LADJEVARDIAN, SIMA JANDAGHI","CRENSHAW, DANIEL",42.79287,45.556431,0,45.13089,3.8866725,17.654097
TX,3,"SEIKALY, HELANE LULU SAWSAN","TAYLOR, NICHOLAS V.",42.871918,44.233322,0,42.557652,1.6540384,3.2778993
TX,4,"BETHEL JR, LANDER LOUIS","MCLENDON, FLOYD JR.",22.594826,23.029549,0,22.427982,.000055799999,.79362833
TX,5,"SALTER, CAROLYN","GOODEN, LANCE",35.926651,37.548149,0,35.360825,.29026166,1.3119826
TX,6,"DANIEL, STEPHEN","WRIGHT, RON",43.980446,45.441765,0,43.600418,.67898697,.9190914
TX,7,"FLETCHER, ELIZABETH","HUNT, WESLEY",50.785194,52.528107,1,50.73222,6.3866096,7.3879247
TX,8,"HERNANDEZ, ELIZABETH","BRADY, KEVIN",25.468338,24.8673,0,24.741201,.015160969,3.2004819
TX,9,"GREEN, ALEXANDER","TEAGUE, JOHNNY MARK DR.",75.483505,89.055626,1,81.500511,.50238585,.088365868
TX,10,"SIEGEL, MICHAEL","MCCAUL, MICHAEL",45.346394,46.790565,0,45.235603,2.9328418,3.9279311
TX,11,"HOGG, JON MARK MR.","PFLUGER, AUGUST LEE II",18.299843,18.437042,0,19.711042,.13573305,2.0043998
TX,12,"WELCH, LISA RENEA DR.","GRANGER, KAY",33.036255,33.890896,0,34.205021,.12238797,3.3584661
TX,13,"TRUJILLO, GUS LUIS","JACKSON, RONNY LYNN",18.4554,16.925007,0,17.458677,.01882036,1.7640553
TX,14,"BELL, ADRIENNE","WEBER, RANDY",38.359184,39.318119,0,39.751553,.24517474,.92931682
TX,15,"GONZALEZ, VICENTE","DE LA CRUZ HERNANDEZ, MONICA",50.500835,59.667362,1,58.634953,.90799975,.41655156
TX,16,"ESCOBAR, VERONICA","ARMENDARIZ-JACKSON, IRENE",64.720261,68.464516,1,71.398529,1.08925,.15617099
TX,17,"KENNEDY, RICHARD","SESSIONS, PETE",40.91758,41.318554,0,40.79916,.2182533,1.6965882
TX,18,"LEE, SHEILA JACKSON","CHAMPION, WENDELL",73.291077,75.246834,1,79.274612,.83841348,.27417219
TX,19,"WATSON, THOMAS W","ARRINGTON, JODEY COOK",22.857023,24.773621,0,24.479166,.060805622,1.9709641
TX,20,"CASTRO, JOAQUIN","GARZA, MAURO EVERETT MR.",64.670532,80.853439,1,64.008392,.71844172,.24093038
TX,21,"DAVIS, WENDY","ROY, CHIP",45.350964,47.628082,0,44.736843,10.366865,4.77175
TX,22,"KULKARNI, SRI PRESTON","WALL, KATHALEEN",44.602104,46.452816,0,45.898235,5.7727413,9.4051142
TX,23,"JONES, GINA ORTIZ","GONZALES, ERNEST ANTHONY TONY II",46.603397,48.726372,0,51.767151,7.00528,2.8516133
TX,24,"VALENZUELA, CANDACE","VAN DUYNE, ELIZABETH ANN",47.47559,47.540791,0,46.743698,4.9330583,3.3619132
TX,25,"OLIVER, JULIE LYNN","WILLIAMS, ROGER",42.106052,44.782024,0,42.182583,2.2141905,3.358151
TX,26,"IANNUZZI, CAROL HIGBEE","BURGESS, MICHAEL C. DR.",37.252064,39.019539,0,36.096539,.12150058,2.1020298
TX,27,"DE LA FUENTE, RICARDO","CLOUD, MICHAEL",34.936855,36.606224,0,37.784679,1.2624078,.83459216
TX,28,"CUELLAR, HENRY","WHITTEN, SANDRA LINN MRS.",58.298706,84.390846,1,60.227272,3.7475505,.02742788
TX,29,"GARCIA, SYLVIA R","ARONOFF, PHILLIP ARNOLD",71.133682,75.057449,1,73.678757,.79555303,.00005744
TX,30,"JOHNSON, EDDIE BERNICE","PENNIE, DEMETRICK TRE DR.",77.488052,91.052223,1,81.211502,.49654695,.30588794
TX,31,"HEGAR, MARY JENNINGS MJ","CARTER, JOHN R. REP.",44.288383,47.677853,0,43.266171,29.558489,2.2231672
TX,32,"ALLRED, COLIN","COLLINS, GENEVIEVE D",51.949013,52.270157,1,50.998951,5.7216225,6.0068545
TX,33,"VEASEY, MARC ALLISON MR.","VASQUEZ, FABIAN",66.822968,76.163361,1,75.465836,1.6313285,.02558496
TX,34,"VELA, FILEMON","GONZALEZ, REYNALDO DR JR",55.434841,59.988956,1,61.09391,1.0343823,.037445828
TX,35,"DOGGETT, LLOYD","MOUTOS, NICK ADEN",65.372482,71.252708,1,67.758987,.42573696,.043288749
TX,36,"LEWIS, BRANDON RASHAD","BABIN, BRIAN",24.266483,27.441475,0,25.925926,.012277651,1.310866
UT,1,"PARRY, DARREN BRUCE MR.","MOORE, BLAKE",30.434847,24.891775,0,31.067961,.044486631,.83531529
UT,2,"WESTON, JOHN KAEL MR","STEWART, CHRIS",36.632751,38.90144,0,41.025642,.30770478,.92921019
UT,3,"THORPE, DEVIN D","CURTIS, JOHN",26.765051,27.306864,0,33.049644,.1910882,.71845502
UT,4,"MCADAMS, BEN","OWENS, BURGESS",46.697369,50.121998,1,45.314686,5.5800738,5.068996
VA,1,"RASHID, QASIM","WITTMAN, ROBERT J MR.",41.707314,44.704472,0,43.459915,1.5928525,2.190582
VA,2,"LURIA, ELAINE","TAYLOR, SCOTT W. MR.",51.552834,51.05011,1,48.195332,6.556704,2.5119891
VA,3,"SCOTT, ROBERT C","COLLICK, JOHN WILLIAM MR. JR.",68.351685,91.224129,1,66.596855,.83721906,.17305741
VA,4,"MCEACHIN, ASTON DONALD","BENJAMIN, LEON MR. SR.",61.618774,62.577789,1,61.273487,.9887709,.5246889
VA,5,"WEBB, BRYANT CAMERON DR.","RIGGLEMAN, DENVER LEE MR. III",47.304737,46.647755,0,44.200626,5.782804,1.6853204
VA,6,"BETTS, NICHOLAS","CLINE, BENJAMIN LEE",35.286644,40.206913,0,36.892178,.057705358,.68028611
VA,7,"SPANBERGER, ABIGAIL","FREITAS, NICK J",50.819542,50.336617,1,46.560848,7.9594803,3.6409431
VA,8,"BEYER, DONALD STERNOFF HONORABLE JR.","WEBB, MICHAEL DAVID",75.790771,76.101158,1,77.860168,2.0778224,.40585604
VA,9,"DICKERSON, CAMERON D.","GRIFFITH, H MORGAN",0,34.753017,0,28.407907,.00015895,.46745548
VA,10,"WEXTON, JENNIFER","ANDREWS, ALISCIA",56.51062,56.106258,1,55.296612,1.9019116,1.4198774
VA,11,"CONNOLLY, GERALD EDWARD","ANANTATMULA, MANGA MANGA",71.38752,71.108192,1,70.868645,1.8329415,.26832551
WA,1,"DELBENE, SUZAN K","BEELER, JEFFREY ALLEN SR.",58.553822,59.267662,1,58.868336,1.9036773,.062279239
WA,2,"LARSEN, RICK","HAZELO, TIMOTHY SCOTT",63.087803,71.290192,1,62.050163,1.2279136,.04932202
WA,3,"LONG, CAROLYN N.","HERRERA BEUTLER, JAIME",43.39452,47.329002,0,45.99567,4.1999354,4.5867939
WA,4,"MCKINLEY, DOUGLAS E. JR.","NEWHOUSE, DAN",33.632313,37.182255,0,37.741936,.058376871,1.0024611
WA,5,"ARMITAGE, CHRISTOPHER","MCMORRIS RODGERS, CATHY",38.514442,45.240005,0,42.825848,.12022417,3.503094
WA,6,"KILMER, DEREK","KREISELMAIER, ELIZABETH",59.304775,63.886707,1,56.736034,2.5648036,.14510801
WA,7,"JAYAPAL, PRAMILA","KELLER, CRAIG",82.988327,83.56115,1,87.062569,1.5557691,.0054429998
WA,8,"SCHRIER, KIM DR.","JENSEN, JESSE",51.714825,52.415054,1,51.623375,3.8045485,.84746689
WA,9,"SMITH, D. ADAM","BASLER, DOUGLAS MICHAEL",74.135796,100,1,75.159912,.93314499,.01852168
WA,10,"STRICKLAND, MARILYN","MAYNARD, JACKSON",84.891617,61.544014,1,56.25,1.802662,.068149962
WI,1,"POLACK, ROGER","STEIL, BRYAN GEORGE",40.614407,42.268925,0,44.573235,.53755057,3.1728444
WI,2,"POCAN, MARK","THERON, DANIEL PETER",69.667435,97.422272,1,69.409286,1.0178155,.046122409
WI,3,"KIND, RONALD JAMES","VAN ORDEN, DERRICK F. MR.",51.298965,59.649067,1,47.608925,4.4501176,1.9880342
WI,5,"PALZEWICZ, TOM","FITZGERALD, SCOTT L",39.83297,37.987801,0,39.387539,.3718994,.96988958
WI,6,"KING, JESSICA JEANE MS","GROTHMAN, GLENN S.",40.720448,44.463722,0,41.058201,.25283515,1.7508191
WI,7,"ZUNKER, TRICIA","TIFFANY, TOM",39.214035,38.504211,0,39.263157,1.2472426,2.5297356
WI,8,"STUCK, AMANDA","GALLAGHER, MICHAEL JOHN",35.793297,36.275681,0,40.717297,.40749571,2.9352036
WV,1,"CLINE, NATALIE MS.","MCKINLEY, DAVID B. MR.",31.01638,35.424843,0,27.966101,.082052283,1.0880384
WV,2,"KUNKEL, CATHERINE","MOONEY, ALEXANDER XAVIER",36.923523,42.9758,0,30.882351,.64936024,.85992712
WV,3,"TURNER, HILARY","MILLER, CAROL DEVINE",28.644096,43.626598,0,24.321503,.098768577,.76379645
