treat,anyhelp,bystander,femprop,station1,team
"Imm w/ Hijab, Progressive Att",1,3,.66666669,Osnabruck,Team 1
German,1,2,.5,Osnabruck,Team 1
"Imm w/ Hijab, Neutral Att",0,2,.5,Osnabruck,Team 1
German,1,1,1,Osnabruck,Team 1
German,1,3,.33333334,Osnabruck,Team 1
German,1,2,1,Osnabruck,Team 1
Imm w/o Hijab,0,1,0,Bielefeld,Team 1
German,1,2,.5,Bielefeld,Team 1
"Imm w/ Hijab, Conservative Att",0,2,.5,Bielefeld,Team 1
Imm w/o Hijab,1,2,.5,Bielefeld,Team 1
Imm w/o Hijab,1,2,.5,Bielefeld,Team 1
"Imm w/ Hijab, Conservative Att",0,3,.66666669,Bielefeld,Team 1
"Imm w/ Hijab, Neutral Att",0,2,.5,Bielefeld,Team 1
German,1,2,1,Bielefeld,Team 1
Imm w/o Hijab,1,5,0,Bielefeld,Team 1
German,1,3,0,Bielefeld,Team 1
Imm w/o Hijab,1,3,.66666669,Bielefeld,Team 1
German,0,3,.66666669,Bielefeld,Team 1
German,0,4,1,Bielefeld,Team 1
"Imm w/ Hijab, Conservative Att",0,2,1,Bielefeld,Team 1
Imm w/o Hijab,1,3,0,Bielefeld,Team 1
German,1,2,0,Bielefeld,Team 1
German,1,5,.80000001,Bielefeld,Team 1
"Imm w/ Hijab, Progressive Att",1,3,.33333334,Bielefeld,Team 1
Imm w/o Hijab,1,4,.75,Bielefeld,Team 1
German,1,4,.5,Bielefeld,Team 1
"Imm w/ Hijab, Progressive Att",0,3,.66666669,Bielefeld,Team 1
Imm w/o Hijab,1,3,.33333334,Bielefeld,Team 1
German,1,1,0,Bielefeld,Team 1
German,1,2,0,Bielefeld,Team 1
German,1,2,1,Bielefeld,Team 1
German,1,3,.33333334,Bielefeld,Team 1
"Imm w/ Hijab, Progressive Att",1,2,.5,Bielefeld,Team 1
"Imm w/ Hijab, Neutral Att",1,2,.5,Bielefeld,Team 1
German,1,2,.5,Bielefeld,Team 1
German,0,1,0,Bielefeld,Team 1
German,1,4,0,Osnabruck,Team 1
"Imm w/ Hijab, Neutral Att",1,2,0,Osnabruck,Team 1
Imm w/o Hijab,1,3,.33333334,Osnabruck,Team 1
German,1,2,1,Osnabruck,Team 1
German,1,3,.33333334,Osnabruck,Team 1
"Imm w/ Hijab, Conservative Att",1,2,0,Osnabruck,Team 1
"Imm w/ Hijab, Neutral Att",1,1,0,Osnabruck,Team 1
Imm w/o Hijab,1,3,.33333334,Osnabruck,Team 1
German,1,5,1,Osnabruck,Team 1
German,1,1,0,Osnabruck,Team 1
Imm w/o Hijab,0,2,1,Osnabruck,Team 1
Imm w/o Hijab,1,5,.2,Osnabruck,Team 1
German,1,4,.5,Osnabruck,Team 1
German,1,3,.33333334,Osnabruck,Team 1
German,0,1,0,Osnabruck,Team 1
Imm w/o Hijab,1,2,1,Osnabruck,Team 1
Imm w/o Hijab,1,3,.66666669,Osnabruck,Team 1
"Imm w/ Hijab, Neutral Att",0,1,1,Osnabruck,Team 1
Imm w/o Hijab,1,4,1,Osnabruck,Team 1
German,1,2,0,Osnabruck,Team 1
Imm w/o Hijab,1,2,0,Osnabruck,Team 1
Imm w/o Hijab,0,2,1,Osnabruck,Team 1
"Imm w/ Hijab, Conservative Att",0,1,0,Osnabruck,Team 1
German,1,1,0,Osnabruck,Team 1
Imm w/o Hijab,1,2,0,Hannover,Team 1
German,0,2,1,Hannover,Team 1
German,1,3,1,Hannover,Team 1
Imm w/o Hijab,1,1,1,Hannover,Team 1
"Imm w/ Hijab, Conservative Att",0,1,1,Hannover,Team 1
German,1,4,.75,Hannover,Team 1
"Imm w/ Hijab, Progressive Att",0,3,.33333334,Hannover,Team 1
Imm w/o Hijab,1,2,1,Hannover,Team 1
"Imm w/ Hijab, Progressive Att",0,3,.33333334,Hannover,Team 1
German,1,2,.5,Hannover,Team 1
Imm w/o Hijab,0,3,.66666669,Hannover,Team 1
Imm w/o Hijab,0,3,.66666669,Hannover,Team 1
Imm w/o Hijab,1,1,0,Rheine,Team 1
German,1,1,0,Rheine,Team 1
"Imm w/ Hijab, Conservative Att",0,1,0,Rheine,Team 1
"Imm w/ Hijab, Neutral Att",1,2,.5,Rheine,Team 1
Imm w/o Hijab,1,1,0,Rheine,Team 1
"Imm w/ Hijab, Progressive Att",1,1,1,Rheine,Team 1
Imm w/o Hijab,1,2,.5,Rheine,Team 1
"Imm w/ Hijab, Conservative Att",1,1,0,Rheine,Team 1
Imm w/o Hijab,1,1,0,Rheine,Team 1
"Imm w/ Hijab, Conservative Att",0,2,1,Rheine,Team 1
"Imm w/ Hijab, Progressive Att",0,2,.5,Rheine,Team 1
Imm w/o Hijab,1,2,.5,Rheine,Team 1
Imm w/o Hijab,1,2,1,Rheine,Team 1
German,1,1,0,Rheine,Team 1
German,1,1,1,Rheine,Team 1
German,0,2,.5,Rheine,Team 1
Imm w/o Hijab,1,2,0,Rheine,Team 1
Imm w/o Hijab,1,1,1,Rheine,Team 1
Imm w/o Hijab,0,1,2,Rheine,Team 1
Imm w/o Hijab,1,2,0,M<9f>nster,Team 1
German,1,3,.33333334,M<9f>nster,Team 1
German,1,4,.25,M<9f>nster,Team 1
German,1,2,1,M<9f>nster,Team 1
"Imm w/ Hijab, Neutral Att",1,2,1,M<9f>nster,Team 1
"Imm w/ Hijab, Progressive Att",1,3,1,M<9f>nster,Team 1
"Imm w/ Hijab, Neutral Att",0,2,.5,M<9f>nster,Team 1
Imm w/o Hijab,1,2,.5,M<9f>nster,Team 1
"Imm w/ Hijab, Neutral Att",0,2,.5,M<9f>nster,Team 1
"Imm w/ Hijab, Progressive Att",1,1,1,M<9f>nster,Team 1
"Imm w/ Hijab, Conservative Att",1,3,.66666669,M<9f>nster,Team 1
German,1,3,.66666669,M<9f>nster,Team 1
"Imm w/ Hijab, Neutral Att",0,4,.25,M<9f>nster,Team 1
Imm w/o Hijab,1,1,0,M<9f>nster,Team 1
"Imm w/ Hijab, Neutral Att",0,2,.5,M<9f>nster,Team 1
"Imm w/ Hijab, Conservative Att",1,1,0,M<9f>nster,Team 1
"Imm w/ Hijab, Neutral Att",1,3,.33333334,M<9f>nster,Team 1
German,1,1,1,M<9f>nster,Team 1
"Imm w/ Hijab, Neutral Att",0,2,1,M<9f>nster,Team 1
German,1,1,1,M<9f>nster,Team 1
Imm w/o Hijab,1,3,0,M<9f>nster,Team 1
"Imm w/ Hijab, Neutral Att",1,2,0,M<9f>nster,Team 1
German,1,3,0,M<9f>nster,Team 1
Imm w/o Hijab,0,1,1,M<9f>nster,Team 1
German,1,4,.25,M<9f>nster,Team 1
Imm w/o Hijab,1,2,1,M<9f>nster,Team 1
"Imm w/ Hijab, Progressive Att",1,3,.33333334,M<9f>nster,Team 1
"Imm w/ Hijab, Progressive Att",0,2,0,M<9f>nster,Team 1
"Imm w/ Hijab, Neutral Att",1,3,.66666669,Osnabruck,Team 1
German,1,4,.75,Osnabruck,Team 1
Imm w/o Hijab,0,5,.60000002,Osnabruck,Team 1
German,0,2,.5,Osnabruck,Team 1
Imm w/o Hijab,0,4,.75,Osnabruck,Team 1
"Imm w/ Hijab, Progressive Att",0,1,0,Osnabruck,Team 1
"Imm w/ Hijab, Progressive Att",1,4,1,Osnabruck,Team 1
Imm w/o Hijab,1,2,0,Osnabruck,Team 1
Imm w/o Hijab,1,4,.75,Osnabruck,Team 1
Imm w/o Hijab,1,3,.33333334,Osnabruck,Team 1
Imm w/o Hijab,1,3,.66666669,Osnabruck,Team 1
Imm w/o Hijab,1,2,.5,Osnabruck,Team 1
Imm w/o Hijab,1,2,.5,Osnabruck,Team 1
"Imm w/ Hijab, Conservative Att",1,2,.5,Osnabruck,Team 1
"Imm w/ Hijab, Neutral Att",1,2,1,Osnabruck,Team 1
German,0,1,1,Osnabruck,Team 1
Imm w/o Hijab,1,2,.5,Osnabruck,Team 1
German,1,3,.33333334,Osnabruck,Team 1
Imm w/o Hijab,1,1,0,Osnabruck,Team 1
"Imm w/ Hijab, Conservative Att",1,2,.5,Osnabruck,Team 1
Imm w/o Hijab,1,2,.5,Osnabruck,Team 1
"Imm w/ Hijab, Progressive Att",1,3,1,M<9f>nster,Team 1
German,0,2,.5,M<9f>nster,Team 1
"Imm w/ Hijab, Progressive Att",0,2,.5,M<9f>nster,Team 1
German,1,2,.5,M<9f>nster,Team 1
Imm w/o Hijab,1,2,.5,M<9f>nster,Team 1
Imm w/o Hijab,1,2,.5,M<9f>nster,Team 1
Imm w/o Hijab,1,3,.66666669,M<9f>nster,Team 1
Imm w/o Hijab,1,2,1,M<9f>nster,Team 1
German,1,2,.5,M<9f>nster,Team 1
"Imm w/ Hijab, Neutral Att",1,1,1,M<9f>nster,Team 1
"Imm w/ Hijab, Neutral Att",1,2,.5,M<9f>nster,Team 1
German,1,2,.5,M<9f>nster,Team 1
Imm w/o Hijab,0,2,1,M<9f>nster,Team 1
German,1,2,0,M<9f>nster,Team 1
"Imm w/ Hijab, Neutral Att",1,3,.33333334,M<9f>nster,Team 1
German,0,3,.33333334,M<9f>nster,Team 1
Imm w/o Hijab,0,2,.5,M<9f>nster,Team 1
"Imm w/ Hijab, Neutral Att",1,2,0,M<9f>nster,Team 1
Imm w/o Hijab,1,2,1,M<9f>nster,Team 1
Imm w/o Hijab,0,1,1,M<9f>nster,Team 1
"Imm w/ Hijab, Neutral Att",1,2,.5,M<9f>nster,Team 1
German,1,2,.5,M<9f>nster,Team 1
Imm w/o Hijab,0,1,0,M<9f>nster,Team 1
German,0,2,1,M<9f>nster,Team 1
Imm w/o Hijab,0,2,.5,M<9f>nster,Team 1
Imm w/o Hijab,0,3,.66666669,M<9f>nster,Team 1
"Imm w/ Hijab, Conservative Att",1,3,1,M<9f>nster,Team 1
"Imm w/ Hijab, Progressive Att",1,3,.66666669,M<9f>nster,Team 1
German,0,4,.5,M<9f>nster,Team 1
Imm w/o Hijab,1,2,.5,M<9f>nster,Team 1
"Imm w/ Hijab, Neutral Att",1,3,1,M<9f>nster,Team 1
"Imm w/ Hijab, Conservative Att",0,3,.66666669,M<9f>nster,Team 1
Imm w/o Hijab,0,3,0,M<9f>nster,Team 1
German,0,2,.5,Osnabruck,Team 1
"Imm w/ Hijab, Neutral Att",1,2,.5,Osnabruck,Team 1
German,1,3,.66666669,Osnabruck,Team 1
Imm w/o Hijab,0,1,1,Osnabruck,Team 1
"Imm w/ Hijab, Conservative Att",0,3,.66666669,Osnabruck,Team 1
German,1,4,.25,Osnabruck,Team 1
German,0,1,0,Osnabruck,Team 1
"Imm w/ Hijab, Conservative Att",1,2,.5,Osnabruck,Team 1
Imm w/o Hijab,1,1,0,Osnabruck,Team 1
"Imm w/ Hijab, Conservative Att",0,4,.25,Osnabruck,Team 1
"Imm w/ Hijab, Progressive Att",1,1,1,Osnabruck,Team 1
"Imm w/ Hijab, Conservative Att",0,2,.5,Osnabruck,Team 1
"Imm w/ Hijab, Neutral Att",1,1,1,Osnabruck,Team 1
"Imm w/ Hijab, Conservative Att",0,2,1,Osnabruck,Team 1
German,0,1,1,Osnabruck,Team 1
"Imm w/ Hijab, Neutral Att",1,1,1,Osnabruck,Team 1
"Imm w/ Hijab, Conservative Att",0,3,.66666669,Osnabruck,Team 1
"Imm w/ Hijab, Neutral Att",1,2,.5,Osnabruck,Team 1
Imm w/o Hijab,1,2,1,Osnabruck,Team 1
Imm w/o Hijab,1,4,.5,Osnabruck,Team 1
German,1,2,.5,Osnabruck,Team 1
German,1,2,1,Osnabruck,Team 1
German,1,4,.5,Osnabruck,Team 1
"Imm w/ Hijab, Neutral Att",1,1,0,Osnabruck,Team 1
German,1,1,0,Osnabruck,Team 1
German,1,2,0,Osnabruck,Team 1
"Imm w/ Hijab, Neutral Att",0,2,1,Osnabruck,Team 1
"Imm w/ Hijab, Neutral Att",0,2,0,Osnabruck,Team 1
German,1,5,.40000001,Osnabruck,Team 1
Imm w/o Hijab,1,3,.33333334,Osnabruck,Team 1
Imm w/o Hijab,0,3,.66666669,Osnabruck,Team 1
Imm w/o Hijab,0,1,0,Osnabruck,Team 1
German,1,3,.66666669,Osnabruck,Team 1
German,1,2,1,Bielefeld,Team 1
German,1,3,.33333334,Bielefeld,Team 1
Imm w/o Hijab,1,2,1,Bielefeld,Team 1
"Imm w/ Hijab, Neutral Att",1,3,.66666669,Bielefeld,Team 1
Imm w/o Hijab,1,2,.5,Bielefeld,Team 1
"Imm w/ Hijab, Progressive Att",1,1,0,Bielefeld,Team 1
"Imm w/ Hijab, Neutral Att",1,1,1,Bielefeld,Team 1
"Imm w/ Hijab, Conservative Att",1,2,1,Bielefeld,Team 1
"Imm w/ Hijab, Progressive Att",0,1,1,Bielefeld,Team 1
German,0,1,1,Bielefeld,Team 1
"Imm w/ Hijab, Conservative Att",1,2,.5,Bielefeld,Team 1
German,1,2,0,Bielefeld,Team 1
Imm w/o Hijab,1,2,0,Bielefeld,Team 1
"Imm w/ Hijab, Progressive Att",1,2,1,Bielefeld,Team 1
Imm w/o Hijab,1,3,1,Bielefeld,Team 1
Imm w/o Hijab,0,3,.66666669,Bielefeld,Team 1
Imm w/o Hijab,1,1,0,Bielefeld,Team 1
German,1,3,.66666669,Bielefeld,Team 1
"Imm w/ Hijab, Progressive Att",1,3,.66666669,Bielefeld,Team 1
German,1,1,0,Bielefeld,Team 1
Imm w/o Hijab,0,2,.5,Bielefeld,Team 1
Imm w/o Hijab,0,1,0,Bielefeld,Team 1
"Imm w/ Hijab, Conservative Att",1,1,2,Bielefeld,Team 1
German,1,1,1,Bielefeld,Team 1
Imm w/o Hijab,1,1,0,Bielefeld,Team 1
German,1,1,1,Bielefeld,Team 1
German,0,1,0,Bielefeld,Team 1
Imm w/o Hijab,0,2,1,Bielefeld,Team 1
"Imm w/ Hijab, Conservative Att",0,3,1,Bielefeld,Team 1
Imm w/o Hijab,1,3,.33333334,Bielefeld,Team 1
German,1,1,0,Osnabruck,Team 1
"Imm w/ Hijab, Conservative Att",1,1,1,Osnabruck,Team 1
"Imm w/ Hijab, Neutral Att",1,4,.75,Osnabruck,Team 1
German,0,4,.5,Osnabruck,Team 1
Imm w/o Hijab,1,2,.5,Osnabruck,Team 1
German,0,1,0,Osnabruck,Team 1
German,1,3,.66666669,Osnabruck,Team 1
German,1,3,.66666669,Osnabruck,Team 1
German,0,1,1,Osnabruck,Team 1
German,1,4,.75,Osnabruck,Team 1
Imm w/o Hijab,1,3,.66666669,Osnabruck,Team 1
German,1,4,.25,Osnabruck,Team 1
Imm w/o Hijab,1,3,.33333334,Osnabruck,Team 1
"Imm w/ Hijab, Neutral Att",1,2,.5,Osnabruck,Team 1
German,0,4,.5,Osnabruck,Team 1
Imm w/o Hijab,0,1,1,Osnabruck,Team 1
German,1,2,.5,Osnabruck,Team 1
Imm w/o Hijab,1,3,.66666669,Osnabruck,Team 1
"Imm w/ Hijab, Neutral Att",1,4,0,Osnabruck,Team 1
"Imm w/ Hijab, Neutral Att",0,1,1,Osnabruck,Team 1
German,1,1,1,Osnabruck,Team 1
German,1,1,1,Osnabruck,Team 1
German,1,2,1,Osnabruck,Team 1
Imm w/o Hijab,1,2,.5,Osnabruck,Team 1
"Imm w/ Hijab, Progressive Att",1,1,1,Osnabruck,Team 1
German,1,3,.66666669,Osnabruck,Team 1
German,1,4,.5,Osnabruck,Team 1
Imm w/o Hijab,1,2,.5,Osnabruck,Team 1
Imm w/o Hijab,0,1,1,Osnabruck,Team 1
German,1,2,.5,Osnabruck,Team 1
German,1,3,0,Osnabruck,Team 1
Imm w/o Hijab,1,2,.5,Osnabruck,Team 1
Imm w/o Hijab,1,2,1,Osnabruck,Team 1
German,0,2,.5,M<9f>nster,Team 1
German,0,1,1,M<9f>nster,Team 1
Imm w/o Hijab,1,3,1,M<9f>nster,Team 1
Imm w/o Hijab,1,2,1,M<9f>nster,Team 1
Imm w/o Hijab,1,1,0,M<9f>nster,Team 1
"Imm w/ Hijab, Conservative Att",1,1,1,M<9f>nster,Team 1
"Imm w/ Hijab, Conservative Att",0,1,0,M<9f>nster,Team 1
"Imm w/ Hijab, Neutral Att",1,1,0,M<9f>nster,Team 1
Imm w/o Hijab,0,4,.75,M<9f>nster,Team 1
Imm w/o Hijab,0,2,.5,M<9f>nster,Team 1
German,1,4,.5,M<9f>nster,Team 1
German,1,2,.5,M<9f>nster,Team 1
Imm w/o Hijab,1,1,0,M<9f>nster,Team 1
"Imm w/ Hijab, Progressive Att",1,1,0,M<9f>nster,Team 1
Imm w/o Hijab,1,1,1,M<9f>nster,Team 1
"Imm w/ Hijab, Conservative Att",1,3,1,M<9f>nster,Team 1
Imm w/o Hijab,1,2,.5,M<9f>nster,Team 1
German,0,1,0,M<9f>nster,Team 1
"Imm w/ Hijab, Conservative Att",1,3,.33333334,M<9f>nster,Team 1
Imm w/o Hijab,1,2,0,M<9f>nster,Team 1
"Imm w/ Hijab, Neutral Att",1,1,0,M<9f>nster,Team 1
German,1,1,0,M<9f>nster,Team 1
German,0,3,.66666669,M<9f>nster,Team 1
Imm w/o Hijab,1,3,.33333334,M<9f>nster,Team 1
German,1,1,0,M<9f>nster,Team 1
"Imm w/ Hijab, Conservative Att",1,2,.5,M<9f>nster,Team 1
"Imm w/ Hijab, Conservative Att",0,2,0,M<9f>nster,Team 1
"Imm w/ Hijab, Conservative Att",1,2,.5,M<9f>nster,Team 1
Imm w/o Hijab,0,2,.5,M<9f>nster,Team 1
German,1,3,.33333334,M<9f>nster,Team 1
Imm w/o Hijab,0,1,0,M<9f>nster,Team 1
Imm w/o Hijab,0,2,1,M<9f>nster,Team 1
German,1,1,0,M<9f>nster,Team 1
"Imm w/ Hijab, Progressive Att",0,1,0,M<9f>nster,Team 1
Imm w/o Hijab,0,2,.5,M<9f>nster,Team 1
German,1,2,.5,Osnabruck,Team 1
Imm w/o Hijab,0,3,.66666669,Osnabruck,Team 1
Imm w/o Hijab,1,3,.66666669,Osnabruck,Team 1
"Imm w/ Hijab, Progressive Att",1,3,.33333334,Osnabruck,Team 1
"Imm w/ Hijab, Neutral Att",0,2,.5,Osnabruck,Team 1
Imm w/o Hijab,0,1,1,Osnabruck,Team 1
German,1,2,.5,Osnabruck,Team 1
Imm w/o Hijab,1,2,1,Osnabruck,Team 1
"Imm w/ Hijab, Neutral Att",1,3,.66666669,Osnabruck,Team 1
"Imm w/ Hijab, Neutral Att",1,2,0,Osnabruck,Team 1
German,1,1,1,Osnabruck,Team 1
"Imm w/ Hijab, Conservative Att",1,1,1,Osnabruck,Team 1
"Imm w/ Hijab, Neutral Att",1,4,.5,Osnabruck,Team 1
Imm w/o Hijab,1,4,.75,Osnabruck,Team 1
"Imm w/ Hijab, Progressive Att",1,1,0,Osnabruck,Team 1
"Imm w/ Hijab, Progressive Att",1,1,1,Osnabruck,Team 1
"Imm w/ Hijab, Neutral Att",1,2,.5,Osnabruck,Team 1
Imm w/o Hijab,1,2,1,Osnabruck,Team 1
Imm w/o Hijab,1,2,.5,Osnabruck,Team 1
"Imm w/ Hijab, Neutral Att",0,1,1,Osnabruck,Team 1
Imm w/o Hijab,1,2,.5,Osnabruck,Team 1
"Imm w/ Hijab, Neutral Att",1,4,.25,Osnabruck,Team 1
German,1,2,.5,Osnabruck,Team 1
Imm w/o Hijab,1,1,0,Osnabruck,Team 1
Imm w/o Hijab,1,1,0,Osnabruck,Team 1
German,0,1,1,Osnabruck,Team 1
Imm w/o Hijab,1,3,.33333334,Osnabruck,Team 1
"Imm w/ Hijab, Progressive Att",1,3,.66666669,Osnabruck,Team 1
Imm w/o Hijab,1,3,.33333334,Osnabruck,Team 1
"Imm w/ Hijab, Conservative Att",1,1,1,Osnabruck,Team 1
"Imm w/ Hijab, Progressive Att",1,2,1,Osnabruck,Team 1
"Imm w/ Hijab, Conservative Att",0,1,0,Osnabruck,Team 1
Imm w/o Hijab,1,2,.5,Osnabruck,Team 1
German,0,3,.66666669,Osnabruck,Team 1
"Imm w/ Hijab, Progressive Att",1,1,0,Osnabruck,Team 1
German,1,1,1,Osnabruck,Team 1
Imm w/o Hijab,0,2,.5,Osnabruck,Team 1
German,0,1,1,Osnabruck,Team 1
Imm w/o Hijab,1,1,1,Osnabruck,Team 1
German,0,2,.5,Osnabruck,Team 1
Imm w/o Hijab,1,1,0,Osnabruck,Team 1
"Imm w/ Hijab, Progressive Att",1,1,1,Osnabruck,Team 1
German,1,5,.2,Osnabruck,Team 1
German,1,4,.75,Osnabruck,Team 1
"Imm w/ Hijab, Conservative Att",1,4,.75,Osnabruck,Team 1
German,0,2,1,Osnabruck,Team 1
Imm w/o Hijab,0,3,0,Osnabruck,Team 1
German,0,3,.66666669,Osnabruck,Team 1
"Imm w/ Hijab, Conservative Att",1,2,.5,Osnabruck,Team 1
Imm w/o Hijab,1,1,0,Osnabruck,Team 1
"Imm w/ Hijab, Neutral Att",1,1,0,Osnabruck,Team 1
German,1,2,.5,Osnabruck,Team 1
German,1,1,0,Osnabruck,Team 1
German,1,1,0,Osnabruck,Team 1
"Imm w/ Hijab, Progressive Att",1,3,.33333334,Osnabruck,Team 1
"Imm w/ Hijab, Neutral Att",0,3,0,Osnabruck,Team 1
"Imm w/ Hijab, Conservative Att",1,3,0,Osnabruck,Team 1
"Imm w/ Hijab, Conservative Att",1,1,1,Osnabruck,Team 1
German,1,1,1,Osnabruck,Team 1
Imm w/o Hijab,0,1,0,Osnabruck,Team 1
Imm w/o Hijab,1,3,.66666669,Osnabruck,Team 1
"Imm w/ Hijab, Progressive Att",1,1,1,Osnabruck,Team 1
German,1,3,.33333334,Osnabruck,Team 1
German,0,1,0,Osnabruck,Team 1
"Imm w/ Hijab, Conservative Att",1,1,1,Osnabruck,Team 1
"Imm w/ Hijab, Progressive Att",1,1,0,Osnabruck,Team 1
"Imm w/ Hijab, Conservative Att",1,1,1,Osnabruck,Team 1
"Imm w/ Hijab, Conservative Att",1,3,.66666669,Osnabruck,Team 1
"Imm w/ Hijab, Progressive Att",1,1,0,Osnabruck,Team 1
German,0,1,0,Osnabruck,Team 1
Imm w/o Hijab,1,2,.5,Bielefeld,Team 1
German,0,1,1,Bielefeld,Team 1
Imm w/o Hijab,1,1,0,Bielefeld,Team 1
German,1,1,1,Bielefeld,Team 1
Imm w/o Hijab,0,3,.66666669,Bielefeld,Team 1
German,0,2,.5,Bielefeld,Team 1
German,1,2,.5,Bielefeld,Team 1
Imm w/o Hijab,1,3,0,Bielefeld,Team 1
Imm w/o Hijab,1,1,1,Bielefeld,Team 1
"Imm w/ Hijab, Conservative Att",1,1,0,Bielefeld,Team 1
German,0,1,1,Bielefeld,Team 1
"Imm w/ Hijab, Neutral Att",1,1,0,Bielefeld,Team 1
German,0,2,1,Bielefeld,Team 1
German,1,1,1,Bielefeld,Team 1
"Imm w/ Hijab, Conservative Att",1,2,1,Bielefeld,Team 1
Imm w/o Hijab,1,1,0,Bielefeld,Team 1
Imm w/o Hijab,1,1,0,Bielefeld,Team 1
Imm w/o Hijab,1,2,1,Bielefeld,Team 1
German,1,1,1,Bielefeld,Team 1
"Imm w/ Hijab, Neutral Att",0,1,1,Bielefeld,Team 1
Imm w/o Hijab,1,1,0,Bielefeld,Team 1
German,0,3,.33333334,Bielefeld,Team 1
Imm w/o Hijab,1,1,0,Bielefeld,Team 1
Imm w/o Hijab,1,2,1,Bielefeld,Team 1
German,1,3,.66666669,Bielefeld,Team 1
Imm w/o Hijab,1,3,0,Bielefeld,Team 1
German,1,2,.5,Bielefeld,Team 1
"Imm w/ Hijab, Neutral Att",1,3,.33333334,Bielefeld,Team 1
Imm w/o Hijab,1,4,0,Bielefeld,Team 1
German,1,2,.5,Bielefeld,Team 1
German,1,2,0,Bielefeld,Team 1
"Imm w/ Hijab, Conservative Att",0,1,1,Bielefeld,Team 1
German,0,2,.5,Bielefeld,Team 1
German,0,1,1,Bielefeld,Team 1
"Imm w/ Hijab, Conservative Att",1,2,.5,Bielefeld,Team 1
German,1,1,1,Bielefeld,Team 1
"Imm w/ Hijab, Progressive Att",1,2,1,Bielefeld,Team 1
Imm w/o Hijab,1,1,1,Bielefeld,Team 1
Imm w/o Hijab,1,1,1,Osnabruck,Team 1
"Imm w/ Hijab, Progressive Att",1,2,.5,Osnabruck,Team 1
"Imm w/ Hijab, Progressive Att",1,1,1,Osnabruck,Team 1
"Imm w/ Hijab, Progressive Att",1,2,1,Osnabruck,Team 1
German,1,2,.5,Osnabruck,Team 1
"Imm w/ Hijab, Neutral Att",1,1,1,Osnabruck,Team 1
"Imm w/ Hijab, Progressive Att",1,1,1,Osnabruck,Team 1
"Imm w/ Hijab, Neutral Att",1,1,1,Osnabruck,Team 1
Imm w/o Hijab,1,3,.33333334,Osnabruck,Team 1
Imm w/o Hijab,1,3,.33333334,Osnabruck,Team 1
German,1,1,1,Osnabruck,Team 1
Imm w/o Hijab,1,1,0,Osnabruck,Team 1
"Imm w/ Hijab, Neutral Att",1,2,.5,Osnabruck,Team 1
"Imm w/ Hijab, Conservative Att",1,1,0,Osnabruck,Team 1
German,0,2,.5,Osnabruck,Team 1
Imm w/o Hijab,1,1,0,Osnabruck,Team 1
German,0,1,0,Osnabruck,Team 1
"Imm w/ Hijab, Neutral Att",0,1,0,Osnabruck,Team 1
Imm w/o Hijab,1,1,0,Osnabruck,Team 1
"Imm w/ Hijab, Progressive Att",1,2,1,Osnabruck,Team 1
Imm w/o Hijab,0,1,0,Osnabruck,Team 1
"Imm w/ Hijab, Neutral Att",1,1,0,Osnabruck,Team 1
"Imm w/ Hijab, Conservative Att",1,2,0,Osnabruck,Team 1
Imm w/o Hijab,1,1,1,Osnabruck,Team 1
"Imm w/ Hijab, Neutral Att",1,1,0,Osnabruck,Team 1
German,1,2,0,Osnabruck,Team 1
Imm w/o Hijab,1,3,.66666669,Osnabruck,Team 1
"Imm w/ Hijab, Progressive Att",1,1,1,Osnabruck,Team 1
Imm w/o Hijab,1,1,1,Osnabruck,Team 1
German,0,1,1,Osnabruck,Team 1
"Imm w/ Hijab, Conservative Att",0,2,1,Osnabruck,Team 1
Imm w/o Hijab,1,1,1,Osnabruck,Team 1
German,0,1,0,Osnabruck,Team 1
Imm w/o Hijab,1,2,.5,Osnabruck,Team 1
German,1,1,0,Osnabruck,Team 1
Imm w/o Hijab,1,2,0,Osnabruck,Team 1
German,0,4,.25,Osnabruck,Team 1
German,1,2,1,Osnabruck,Team 1
German,0,1,1,Osnabruck,Team 1
German,0,2,1,Osnabruck,Team 1
Imm w/o Hijab,1,3,.33333334,Osnabruck,Team 1
"Imm w/ Hijab, Conservative Att",1,1,0,Osnabruck,Team 1
Imm w/o Hijab,1,1,0,Osnabruck,Team 1
Imm w/o Hijab,1,1,0,Bielefeld,Team 1
"Imm w/ Hijab, Neutral Att",1,2,1,Bielefeld,Team 1
German,0,1,0,Bielefeld,Team 1
Imm w/o Hijab,0,3,.66666669,Bielefeld,Team 1
"Imm w/ Hijab, Conservative Att",0,1,0,Bielefeld,Team 1
Imm w/o Hijab,1,2,.5,Bielefeld,Team 1
German,1,1,0,Bielefeld,Team 1
German,1,3,.33333334,Bielefeld,Team 1
"Imm w/ Hijab, Neutral Att",1,2,0,Bielefeld,Team 1
German,0,2,1,Bielefeld,Team 1
Imm w/o Hijab,1,1,1,Bielefeld,Team 1
German,1,3,.66666669,Bielefeld,Team 1
German,1,1,1,Bielefeld,Team 1
"Imm w/ Hijab, Conservative Att",0,2,.5,Bielefeld,Team 1
German,1,2,1,Bielefeld,Team 1
German,0,1,0,Bielefeld,Team 1
"Imm w/ Hijab, Neutral Att",1,2,.5,Bielefeld,Team 1
"Imm w/ Hijab, Neutral Att",1,1,1,Bielefeld,Team 1
Imm w/o Hijab,1,1,1,Bielefeld,Team 1
Imm w/o Hijab,0,1,0,Bielefeld,Team 1
"Imm w/ Hijab, Conservative Att",1,2,.5,Bielefeld,Team 1
German,1,1,1,Bielefeld,Team 1
"Imm w/ Hijab, Progressive Att",0,2,1,Bielefeld,Team 1
German,0,1,1,Bielefeld,Team 1
"Imm w/ Hijab, Neutral Att",1,3,1,Bielefeld,Team 1
Imm w/o Hijab,1,3,.33333334,Bielefeld,Team 1
"Imm w/ Hijab, Neutral Att",1,2,1,Bielefeld,Team 1
German,1,1,1,Bielefeld,Team 1
German,0,4,.5,Bielefeld,Team 1
Imm w/o Hijab,1,1,1,Bielefeld,Team 1
German,0,1,1,Bielefeld,Team 1
German,1,4,.25,Bielefeld,Team 1
German,1,1,1,Bielefeld,Team 1
"Imm w/ Hijab, Progressive Att",1,4,.5,Bielefeld,Team 1
Imm w/o Hijab,1,2,.5,Bielefeld,Team 1
"Imm w/ Hijab, Conservative Att",0,3,.66666669,Bielefeld,Team 1
German,0,3,.66666669,Bielefeld,Team 1
"Imm w/ Hijab, Progressive Att",1,2,1,Bielefeld,Team 1
Imm w/o Hijab,0,2,.5,Bielefeld,Team 1
Imm w/o Hijab,1,1,0,Bielefeld,Team 1
Imm w/o Hijab,0,1,1,Bielefeld,Team 1
Imm w/o Hijab,0,1,2,Bielefeld,Team 1
Imm w/o Hijab,1,3,.66666669,Bielefeld,Team 1
Imm w/o Hijab,1,4,.75,Bielefeld,Team 1
German,1,2,1,Bielefeld,Team 1
German,1,1,1,Bielefeld,Team 1
Imm w/o Hijab,0,2,.5,Bielefeld,Team 1
Imm w/o Hijab,1,1,1,Bielefeld,Team 1
"Imm w/ Hijab, Neutral Att",0,1,1,Bielefeld,Team 1
"Imm w/ Hijab, Progressive Att",1,1,1,Bielefeld,Team 1
"Imm w/ Hijab, Neutral Att",0,3,0,Bielefeld,Team 1
German,1,2,.5,Duisburg,Team 2
Imm w/o Hijab,1,2,.5,Duisburg,Team 2
German,0,2,0,Duisburg,Team 2
German,1,3,.66666669,Duisburg,Team 2
German,1,1,0,Duisburg,Team 2
Imm w/o Hijab,1,4,.75,Duisburg,Team 2
German,1,2,.5,Duisburg,Team 2
Imm w/o Hijab,1,3,.66666669,Duisburg,Team 2
"Imm w/ Hijab, Conservative Att",1,2,.5,Duisburg,Team 2
German,1,2,.5,Duisburg,Team 2
German,1,3,.66666669,Essen,Team 2
German,0,2,.5,Essen,Team 2
"Imm w/ Hijab, Conservative Att",0,2,.5,Essen,Team 2
German,1,4,0,Essen,Team 2
Imm w/o Hijab,1,2,0,Essen,Team 2
Imm w/o Hijab,1,3,.66666669,Essen,Team 2
German,1,2,1,Essen,Team 2
"Imm w/ Hijab, Progressive Att",1,2,1,Essen,Team 2
Imm w/o Hijab,1,2,.5,Essen,Team 2
German,1,1,0,Essen,Team 2
Imm w/o Hijab,1,2,.5,Essen,Team 2
German,1,2,0,Essen,Team 2
German,1,2,1,Essen,Team 2
"Imm w/ Hijab, Conservative Att",0,2,.5,Essen,Team 2
"Imm w/ Hijab, Progressive Att",1,3,0,Essen,Team 2
Imm w/o Hijab,1,5,1,Essen,Team 2
Imm w/o Hijab,1,3,0,Essen,Team 2
Imm w/o Hijab,0,4,.5,Essen,Team 2
Imm w/o Hijab,0,2,.5,Essen,Team 2
"Imm w/ Hijab, Conservative Att",1,2,.5,Essen,Team 2
Imm w/o Hijab,1,3,0,Essen,Team 2
German,0,2,.5,Essen,Team 2
"Imm w/ Hijab, Progressive Att",1,3,0,Essen,Team 2
German,0,3,0,Essen,Team 2
Imm w/o Hijab,1,2,.5,Essen,Team 2
Imm w/o Hijab,1,2,.5,Essen,Team 2
Imm w/o Hijab,1,4,.5,Essen,Team 2
"Imm w/ Hijab, Conservative Att",1,3,.66666669,Essen,Team 2
Imm w/o Hijab,1,2,2,Essen,Team 2
Imm w/o Hijab,1,4,.5,Essen,Team 2
Imm w/o Hijab,1,2,.5,Bochum,Team 2
German,1,3,.33333334,Bochum,Team 2
German,1,2,.5,Bochum,Team 2
Imm w/o Hijab,1,5,.80000001,Bochum,Team 2
Imm w/o Hijab,0,3,1,Bochum,Team 2
"Imm w/ Hijab, Neutral Att",1,1,0,Bochum,Team 2
Imm w/o Hijab,1,2,.5,Bochum,Team 2
German,1,2,.5,Bochum,Team 2
"Imm w/ Hijab, Conservative Att",1,2,.5,Bochum,Team 2
"Imm w/ Hijab, Progressive Att",1,4,.75,Bochum,Team 2
"Imm w/ Hijab, Neutral Att",1,1,0,Bochum,Team 2
"Imm w/ Hijab, Neutral Att",0,3,.66666669,Bochum,Team 2
German,1,2,1,Bochum,Team 2
"Imm w/ Hijab, Conservative Att",1,1,1,Bochum,Team 2
Imm w/o Hijab,1,2,0,Bochum,Team 2
German,1,2,0,Bochum,Team 2
German,1,3,1,Bochum,Team 2
German,1,2,.5,Bochum,Team 2
Imm w/o Hijab,1,1,0,Bochum,Team 2
Imm w/o Hijab,1,1,0,Bochum,Team 2
Imm w/o Hijab,1,2,0,Bochum,Team 2
German,1,2,0,Bochum,Team 2
German,1,4,1,Bochum,Team 2
German,0,3,1,Bochum,Team 2
Imm w/o Hijab,1,2,0,Bochum,Team 2
German,1,2,.5,Bochum,Team 2
German,1,1,1,Bochum,Team 2
German,1,2,.5,Bochum,Team 2
"Imm w/ Hijab, Progressive Att",1,2,1,Bochum,Team 2
Imm w/o Hijab,0,3,1,Bochum,Team 2
"Imm w/ Hijab, Neutral Att",1,1,0,Bochum,Team 2
German,1,2,1,Bochum,Team 2
Imm w/o Hijab,0,1,0,Bochum,Team 2
Imm w/o Hijab,0,2,1,Bochum,Team 2
"Imm w/ Hijab, Conservative Att",0,1,0,Bochum,Team 2
German,0,2,0,Bochum,Team 2
German,1,1,0,Bochum,Team 2
"Imm w/ Hijab, Neutral Att",0,3,.33333334,Neuss,Team 2
"Imm w/ Hijab, Neutral Att",1,2,.5,Neuss,Team 2
German,0,2,0,Neuss,Team 2
German,0,1,0,Neuss,Team 2
"Imm w/ Hijab, Neutral Att",1,2,.5,Neuss,Team 2
"Imm w/ Hijab, Progressive Att",0,2,.5,Neuss,Team 2
German,0,2,.5,Neuss,Team 2
"Imm w/ Hijab, Conservative Att",1,2,.5,Neuss,Team 2
"Imm w/ Hijab, Conservative Att",0,1,1,Neuss,Team 2
"Imm w/ Hijab, Progressive Att",0,2,0,Neuss,Team 2
German,0,1,0,Neuss,Team 2
"Imm w/ Hijab, Conservative Att",0,1,1,Neuss,Team 2
"Imm w/ Hijab, Conservative Att",1,4,.5,Neuss,Team 2
"Imm w/ Hijab, Neutral Att",1,4,.75,Neuss,Team 2
German,1,2,.5,Neuss,Team 2
"Imm w/ Hijab, Neutral Att",1,2,1,Neuss,Team 2
"Imm w/ Hijab, Neutral Att",1,1,0,Neuss,Team 2
German,0,1,1,Neuss,Team 2
"Imm w/ Hijab, Progressive Att",1,1,0,Neuss,Team 2
"Imm w/ Hijab, Progressive Att",1,2,.5,Neuss,Team 2
Imm w/o Hijab,0,3,.33333334,Neuss,Team 2
Imm w/o Hijab,1,4,.5,Neuss,Team 2
Imm w/o Hijab,0,2,.5,Neuss,Team 2
German,0,3,0,Neuss,Team 2
German,1,2,0,Neuss,Team 2
"Imm w/ Hijab, Conservative Att",1,3,0,Neuss,Team 2
"Imm w/ Hijab, Conservative Att",1,3,.33333334,Neuss,Team 2
German,1,1,0,Neuss,Team 2
"Imm w/ Hijab, Neutral Att",0,2,.5,Duisburg,Team 2
Imm w/o Hijab,1,5,.80000001,Duisburg,Team 2
German,0,2,0,Duisburg,Team 2
"Imm w/ Hijab, Conservative Att",1,3,0,Duisburg,Team 2
German,1,5,.60000002,Duisburg,Team 2
Imm w/o Hijab,1,3,.66666669,Duisburg,Team 2
Imm w/o Hijab,1,3,.66666669,Duisburg,Team 2
German,1,3,.33333334,Duisburg,Team 2
German,1,3,.33333334,Duisburg,Team 2
German,1,2,.5,Duisburg,Team 2
"Imm w/ Hijab, Progressive Att",1,2,.5,Duisburg,Team 2
German,1,3,1,Duisburg,Team 2
Imm w/o Hijab,1,2,.5,Duisburg,Team 2
"Imm w/ Hijab, Conservative Att",1,2,1,Duisburg,Team 2
Imm w/o Hijab,1,1,0,Duisburg,Team 2
Imm w/o Hijab,1,2,.5,Duisburg,Team 2
Imm w/o Hijab,1,2,0,Duisburg,Team 2
German,0,3,0,Duisburg,Team 2
"Imm w/ Hijab, Neutral Att",1,2,.5,Duisburg,Team 2
"Imm w/ Hijab, Neutral Att",1,2,.5,Duisburg,Team 2
Imm w/o Hijab,1,3,.66666669,Duisburg,Team 2
Imm w/o Hijab,1,2,.5,Duisburg,Team 2
German,1,2,.5,Duisburg,Team 2
Imm w/o Hijab,1,3,.33333334,Duisburg,Team 2
Imm w/o Hijab,1,3,.33333334,Duisburg,Team 2
"Imm w/ Hijab, Progressive Att",1,2,.5,Duisburg,Team 2
Imm w/o Hijab,1,3,1,Duisburg,Team 2
"Imm w/ Hijab, Progressive Att",1,2,1,Duisburg,Team 2
German,1,1,0,Duisburg,Team 2
German,1,2,.5,Duisburg,Team 2
"Imm w/ Hijab, Neutral Att",1,2,.5,Duisburg,Team 2
Imm w/o Hijab,1,3,.33333334,Duisburg,Team 2
Imm w/o Hijab,0,1,0,Duisburg,Team 2
German,0,1,1,D<9f>sseldorf,Team 2
German,1,3,1,D<9f>sseldorf,Team 2
German,0,1,0,D<9f>sseldorf,Team 2
German,0,2,0,D<9f>sseldorf,Team 2
Imm w/o Hijab,1,1,1,D<9f>sseldorf,Team 2
German,1,2,.5,D<9f>sseldorf,Team 2
Imm w/o Hijab,1,2,.5,D<9f>sseldorf,Team 2
German,1,1,0,D<9f>sseldorf,Team 2
German,0,1,0,D<9f>sseldorf,Team 2
Imm w/o Hijab,0,2,1,D<9f>sseldorf,Team 2
"Imm w/ Hijab, Neutral Att",1,3,1,D<9f>sseldorf,Team 2
German,1,3,.33333334,D<9f>sseldorf,Team 2
"Imm w/ Hijab, Conservative Att",1,2,.5,D<9f>sseldorf,Team 2
German,1,1,0,D<9f>sseldorf,Team 2
Imm w/o Hijab,1,2,1,D<9f>sseldorf,Team 2
German,1,1,1,D<9f>sseldorf,Team 2
Imm w/o Hijab,1,3,0,D<9f>sseldorf,Team 2
Imm w/o Hijab,0,2,.5,D<9f>sseldorf,Team 2
"Imm w/ Hijab, Neutral Att",0,1,0,D<9f>sseldorf,Team 2
"Imm w/ Hijab, Neutral Att",0,1,1,D<9f>sseldorf,Team 2
Imm w/o Hijab,1,2,1,D<9f>sseldorf,Team 2
"Imm w/ Hijab, Conservative Att",1,2,.5,D<9f>sseldorf,Team 2
Imm w/o Hijab,0,3,1,D<9f>sseldorf,Team 2
German,1,1,0,D<9f>sseldorf,Team 2
German,0,2,0,D<9f>sseldorf,Team 2
Imm w/o Hijab,0,1,1,D<9f>sseldorf,Team 2
German,1,3,.33333334,D<9f>sseldorf,Team 2
"Imm w/ Hijab, Neutral Att",1,2,1,D<9f>sseldorf,Team 2
Imm w/o Hijab,0,3,.66666669,Dortmund,Team 2
"Imm w/ Hijab, Neutral Att",0,3,.66666669,Dortmund,Team 2
Imm w/o Hijab,1,5,.60000002,Dortmund,Team 2
"Imm w/ Hijab, Conservative Att",0,4,.75,Dortmund,Team 2
Imm w/o Hijab,0,3,0,Dortmund,Team 2
German,0,3,.33333334,Dortmund,Team 2
"Imm w/ Hijab, Progressive Att",1,1,0,Dortmund,Team 2
German,1,2,.5,Dortmund,Team 2
Imm w/o Hijab,0,2,.5,Dortmund,Team 2
Imm w/o Hijab,0,2,0,Dortmund,Team 2
German,1,1,0,Dortmund,Team 2
"Imm w/ Hijab, Progressive Att",0,2,1,Dortmund,Team 2
German,1,1,0,Dortmund,Team 2
"Imm w/ Hijab, Progressive Att",0,2,1,Dortmund,Team 2
German,1,2,.5,Dortmund,Team 2
"Imm w/ Hijab, Progressive Att",1,4,.5,Dortmund,Team 2
German,1,3,.66666669,Dortmund,Team 2
"Imm w/ Hijab, Neutral Att",0,2,0,Dortmund,Team 2
Imm w/o Hijab,0,2,1,Dortmund,Team 2
"Imm w/ Hijab, Progressive Att",1,2,0,Dortmund,Team 2
"Imm w/ Hijab, Neutral Att",1,2,.5,Dortmund,Team 2
"Imm w/ Hijab, Progressive Att",1,1,0,Dortmund,Team 2
Imm w/o Hijab,1,1,1,Dortmund,Team 2
German,1,1,0,Dortmund,Team 2
"Imm w/ Hijab, Conservative Att",1,3,.33333334,Dortmund,Team 2
"Imm w/ Hijab, Progressive Att",0,5,1,Dortmund,Team 2
Imm w/o Hijab,1,4,.75,Dortmund,Team 2
"Imm w/ Hijab, Conservative Att",1,2,0,Dortmund,Team 2
Imm w/o Hijab,0,1,0,Dortmund,Team 2
"Imm w/ Hijab, Neutral Att",1,2,0,Duisburg,Team 2
Imm w/o Hijab,1,3,.33333334,Duisburg,Team 2
Imm w/o Hijab,1,4,.5,Duisburg,Team 2
German,1,2,1,Duisburg,Team 2
"Imm w/ Hijab, Progressive Att",1,3,.33333334,Duisburg,Team 2
Imm w/o Hijab,1,2,.5,Duisburg,Team 2
Imm w/o Hijab,1,2,1,Duisburg,Team 2
Imm w/o Hijab,1,2,0,Duisburg,Team 2
German,1,2,0,Duisburg,Team 2
Imm w/o Hijab,1,2,.5,Duisburg,Team 2
Imm w/o Hijab,1,4,.75,Duisburg,Team 2
German,1,2,1,Duisburg,Team 2
Imm w/o Hijab,1,5,.40000001,Duisburg,Team 2
Imm w/o Hijab,1,1,0,Duisburg,Team 2
"Imm w/ Hijab, Conservative Att",1,2,.5,Duisburg,Team 2
"Imm w/ Hijab, Neutral Att",0,1,0,Duisburg,Team 2
Imm w/o Hijab,1,3,1,Duisburg,Team 2
"Imm w/ Hijab, Conservative Att",1,2,.5,Duisburg,Team 2
"Imm w/ Hijab, Conservative Att",1,2,0,Duisburg,Team 2
Imm w/o Hijab,1,3,0,Duisburg,Team 2
German,1,4,.5,Duisburg,Team 2
"Imm w/ Hijab, Progressive Att",0,2,0,Duisburg,Team 2
"Imm w/ Hijab, Neutral Att",0,2,.5,Duisburg,Team 2
Imm w/o Hijab,1,2,1,Duisburg,Team 2
"Imm w/ Hijab, Conservative Att",1,3,1,Duisburg,Team 2
"Imm w/ Hijab, Neutral Att",1,2,0,Duisburg,Team 2
German,1,1,0,Duisburg,Team 2
Imm w/o Hijab,0,2,.5,Duisburg,Team 2
Imm w/o Hijab,1,3,.66666669,Duisburg,Team 2
German,0,1,0,Duisburg,Team 2
"Imm w/ Hijab, Neutral Att",1,3,.33333334,Essen,Team 2
German,1,2,1,Essen,Team 2
"Imm w/ Hijab, Conservative Att",0,1,1,Essen,Team 2
German,1,1,0,Essen,Team 2
Imm w/o Hijab,1,2,.5,Essen,Team 2
German,1,2,1,Essen,Team 2
German,1,2,.5,Essen,Team 2
"Imm w/ Hijab, Progressive Att",0,1,1,Essen,Team 2
Imm w/o Hijab,1,1,0,Essen,Team 2
German,1,1,0,Essen,Team 2
Imm w/o Hijab,0,1,1,Essen,Team 2
Imm w/o Hijab,1,3,.66666669,Essen,Team 2
German,0,1,1,Essen,Team 2
Imm w/o Hijab,0,3,1,Essen,Team 2
"Imm w/ Hijab, Neutral Att",1,2,1,Essen,Team 2
Imm w/o Hijab,0,2,1,Essen,Team 2
"Imm w/ Hijab, Progressive Att",1,2,.5,Essen,Team 2
Imm w/o Hijab,1,4,.75,Essen,Team 2
Imm w/o Hijab,1,2,1,Essen,Team 2
German,1,3,.33333334,Essen,Team 2
"Imm w/ Hijab, Progressive Att",0,3,0,Essen,Team 2
"Imm w/ Hijab, Conservative Att",0,1,0,Essen,Team 2
"Imm w/ Hijab, Conservative Att",0,3,.33333334,Essen,Team 2
Imm w/o Hijab,0,5,.80000001,Essen,Team 2
Imm w/o Hijab,1,1,0,Essen,Team 2
"Imm w/ Hijab, Neutral Att",1,2,1,Essen,Team 2
Imm w/o Hijab,0,2,0,Essen,Team 2
"Imm w/ Hijab, Progressive Att",1,2,0,Essen,Team 2
"Imm w/ Hijab, Conservative Att",1,1,0,Essen,Team 2
German,1,3,0,Essen,Team 2
German,1,1,1,Essen,Team 2
German,1,1,0,Essen,Team 2
Imm w/o Hijab,1,3,.66666669,D<9f>sseldorf,Team 4
Imm w/o Hijab,1,4,1,D<9f>sseldorf,Team 4
Imm w/o Hijab,1,3,.33333334,D<9f>sseldorf,Team 4
Imm w/o Hijab,1,4,.5,D<9f>sseldorf,Team 4
Imm w/o Hijab,1,2,0,D<9f>sseldorf,Team 4
"Imm w/ Hijab, Neutral Att",0,4,.25,D<9f>sseldorf,Team 4
Imm w/o Hijab,1,3,0,D<9f>sseldorf,Team 4
"Imm w/ Hijab, Neutral Att",1,3,.66666669,D<9f>sseldorf,Team 4
"Imm w/ Hijab, Neutral Att",0,4,.75,D<9f>sseldorf,Team 4
Imm w/o Hijab,1,5,.40000001,D<9f>sseldorf,Team 4
German,1,2,1,D<9f>sseldorf,Team 4
German,1,5,.2,D<9f>sseldorf,Team 4
German,0,2,0,D<9f>sseldorf,Team 4
"Imm w/ Hijab, Conservative Att",0,2,1,D<9f>sseldorf,Team 4
German,0,2,.5,D<9f>sseldorf,Team 4
Imm w/o Hijab,1,5,1,D<9f>sseldorf,Team 4
"Imm w/ Hijab, Neutral Att",1,4,.5,D<9f>sseldorf,Team 4
Imm w/o Hijab,1,4,.5,D<9f>sseldorf,Team 4
Imm w/o Hijab,0,4,.75,D<9f>sseldorf,Team 4
"Imm w/ Hijab, Neutral Att",1,5,.60000002,D<9f>sseldorf,Team 4
German,0,3,1,D<9f>sseldorf,Team 4
Imm w/o Hijab,1,1,1,D<9f>sseldorf,Team 4
Imm w/o Hijab,1,5,.40000001,D<9f>sseldorf,Team 4
"Imm w/ Hijab, Neutral Att",0,4,0,Bonn,Team 4
German,1,3,.66666669,Bonn,Team 4
Imm w/o Hijab,0,3,.66666669,Bonn,Team 4
Imm w/o Hijab,1,2,.5,Bonn,Team 4
"Imm w/ Hijab, Neutral Att",1,2,.5,Bonn,Team 4
German,1,5,.80000001,Bonn,Team 4
"Imm w/ Hijab, Conservative Att",1,2,.5,Bonn,Team 4
"Imm w/ Hijab, Neutral Att",1,3,.66666669,Bonn,Team 4
Imm w/o Hijab,0,5,.60000002,Bonn,Team 4
German,0,2,1,Bonn,Team 4
Imm w/o Hijab,0,2,1,Bonn,Team 4
Imm w/o Hijab,1,2,.5,Bonn,Team 4
Imm w/o Hijab,1,3,1,Bonn,Team 4
Imm w/o Hijab,1,2,0,Bonn,Team 4
"Imm w/ Hijab, Progressive Att",1,2,.5,Bonn,Team 4
Imm w/o Hijab,1,1,0,Bonn,Team 4
German,1,3,.33333334,Bonn,Team 4
Imm w/o Hijab,1,2,.5,Bonn,Team 4
Imm w/o Hijab,1,2,.5,Bonn,Team 4
"Imm w/ Hijab, Neutral Att",1,5,.80000001,Bonn,Team 4
"Imm w/ Hijab, Neutral Att",1,2,.5,Bonn,Team 4
German,1,3,.33333334,Bonn,Team 4
Imm w/o Hijab,1,2,.5,Bonn,Team 4
Imm w/o Hijab,1,2,.5,Bonn,Team 4
German,1,3,1,Bonn,Team 4
German,1,3,0,Bonn,Team 4
"Imm w/ Hijab, Neutral Att",1,3,1.3333334,Bonn,Team 4
Imm w/o Hijab,1,3,1,Bonn,Team 4
"Imm w/ Hijab, Progressive Att",1,5,.60000002,D<9f>sseldorf,Team 4
German,1,2,1,D<9f>sseldorf,Team 4
Imm w/o Hijab,1,4,.5,D<9f>sseldorf,Team 4
German,1,2,1,D<9f>sseldorf,Team 4
"Imm w/ Hijab, Conservative Att",1,2,.5,D<9f>sseldorf,Team 4
"Imm w/ Hijab, Conservative Att",1,3,.66666669,D<9f>sseldorf,Team 4
Imm w/o Hijab,1,2,.5,D<9f>sseldorf,Team 4
German,1,1,0,D<9f>sseldorf,Team 4
"Imm w/ Hijab, Neutral Att",1,2,.5,D<9f>sseldorf,Team 4
"Imm w/ Hijab, Neutral Att",1,2,.5,D<9f>sseldorf,Team 4
"Imm w/ Hijab, Conservative Att",1,1,1,D<9f>sseldorf,Team 4
German,1,2,.5,D<9f>sseldorf,Team 4
"Imm w/ Hijab, Neutral Att",1,4,.5,D<9f>sseldorf,Team 4
Imm w/o Hijab,0,5,.60000002,D<9f>sseldorf,Team 4
"Imm w/ Hijab, Neutral Att",0,3,.33333334,D<9f>sseldorf,Team 4
German,1,2,.5,D<9f>sseldorf,Team 4
"Imm w/ Hijab, Neutral Att",0,3,0,D<9f>sseldorf,Team 4
Imm w/o Hijab,1,4,.75,D<9f>sseldorf,Team 4
German,1,2,1,D<9f>sseldorf,Team 4
Imm w/o Hijab,0,5,0,D<9f>sseldorf,Team 4
"Imm w/ Hijab, Progressive Att",0,5,.2,D<9f>sseldorf,Team 4
Imm w/o Hijab,1,4,1,D<9f>sseldorf,Team 4
Imm w/o Hijab,1,2,.5,D<9f>sseldorf,Team 4
"Imm w/ Hijab, Conservative Att",0,3,.33333334,D<9f>sseldorf,Team 4
Imm w/o Hijab,1,3,1,D<9f>sseldorf,Team 4
German,1,2,.5,D<9f>sseldorf,Team 4
German,1,4,.5,D<9f>sseldorf,Team 4
"Imm w/ Hijab, Conservative Att",0,3,1,D<9f>sseldorf,Team 4
"Imm w/ Hijab, Progressive Att",1,2,.5,D<9f>sseldorf,Team 4
Imm w/o Hijab,1,2,0,D<9f>sseldorf,Team 4
"Imm w/ Hijab, Conservative Att",0,2,.5,D<9f>sseldorf,Team 4
Imm w/o Hijab,1,3,.33333334,D<9f>sseldorf,Team 4
"Imm w/ Hijab, Neutral Att",1,2,0,D<9f>sseldorf,Team 4
German,1,3,.33333334,K<9a>ln (Hbf),Team 4
German,0,2,1,K<9a>ln (Hbf),Team 4
German,1,3,0,K<9a>ln (Hbf),Team 4
Imm w/o Hijab,1,4,.5,K<9a>ln (Hbf),Team 4
Imm w/o Hijab,0,2,.5,K<9a>ln (Hbf),Team 4
"Imm w/ Hijab, Progressive Att",0,3,.33333334,K<9a>ln (Hbf),Team 4
Imm w/o Hijab,1,4,.75,K<9a>ln (Hbf),Team 4
Imm w/o Hijab,1,2,.5,K<9a>ln (Hbf),Team 4
Imm w/o Hijab,1,2,1,K<9a>ln (Hbf),Team 4
Imm w/o Hijab,0,2,.5,K<9a>ln (Hbf),Team 4
Imm w/o Hijab,1,4,.75,K<9a>ln (Hbf),Team 4
Imm w/o Hijab,0,4,.75,K<9a>ln (Hbf),Team 4
Imm w/o Hijab,1,4,.5,K<9a>ln (Hbf),Team 4
Imm w/o Hijab,1,5,.40000001,K<9a>ln (Hbf),Team 4
"Imm w/ Hijab, Progressive Att",1,2,.5,K<9a>ln (Hbf),Team 4
"Imm w/ Hijab, Neutral Att",1,3,1,K<9a>ln (Hbf),Team 4
German,1,2,.5,K<9a>ln (Hbf),Team 4
"Imm w/ Hijab, Progressive Att",1,2,.5,K<9a>ln (Hbf),Team 4
"Imm w/ Hijab, Progressive Att",0,5,.40000001,K<9a>ln (Hbf),Team 4
Imm w/o Hijab,1,3,0,K<9a>ln (Hbf),Team 4
German,1,3,.66666669,K<9a>ln (Hbf),Team 4
"Imm w/ Hijab, Conservative Att",0,3,.66666669,K<9a>ln (Hbf),Team 4
Imm w/o Hijab,1,4,1,K<9a>ln (Hbf),Team 4
Imm w/o Hijab,1,3,.66666669,K<9a>ln (Hbf),Team 4
Imm w/o Hijab,0,4,.25,K<9a>ln (Hbf),Team 4
Imm w/o Hijab,1,4,1,K<9a>ln (Hbf),Team 4
Imm w/o Hijab,1,3,.66666669,K<9a>ln (Hbf),Team 4
"Imm w/ Hijab, Neutral Att",0,2,.5,K<9a>ln (Hbf),Team 4
Imm w/o Hijab,1,2,.5,K<9a>ln (Hbf),Team 4
German,1,2,.5,K<9a>ln (Hbf),Team 4
Imm w/o Hijab,0,1,1,K<9a>ln (Hbf),Team 4
German,1,3,.33333334,K<9a>ln (Hbf),Team 4
German,1,2,1,K<9a>ln (Hbf),Team 4
"Imm w/ Hijab, Progressive Att",0,2,.5,K<9a>ln (Hbf),Team 4
German,0,2,0,K<9a>ln (Hbf),Team 4
Imm w/o Hijab,0,1,1,K<9a>ln (Hbf),Team 4
"Imm w/ Hijab, Progressive Att",1,3,.33333334,K<9a>ln (Hbf),Team 4
German,1,2,.5,K<9a>ln (Hbf),Team 4
German,1,2,.5,K<9a>ln (Messe),Team 4
Imm w/o Hijab,1,1,1,K<9a>ln (Messe),Team 4
Imm w/o Hijab,1,4,.25,K<9a>ln (Messe),Team 4
"Imm w/ Hijab, Progressive Att",1,3,.33333334,K<9a>ln (Messe),Team 4
Imm w/o Hijab,1,4,.75,K<9a>ln (Messe),Team 4
"Imm w/ Hijab, Neutral Att",1,1,0,K<9a>ln (Messe),Team 4
Imm w/o Hijab,1,2,.5,K<9a>ln (Messe),Team 4
"Imm w/ Hijab, Conservative Att",0,4,.25,K<9a>ln (Messe),Team 4
Imm w/o Hijab,0,1,1,K<9a>ln (Messe),Team 4
Imm w/o Hijab,0,2,1,K<9a>ln (Messe),Team 4
Imm w/o Hijab,1,2,0,K<9a>ln (Messe),Team 4
"Imm w/ Hijab, Progressive Att",0,2,.5,K<9a>ln (Messe),Team 4
"Imm w/ Hijab, Progressive Att",1,2,.5,K<9a>ln (Messe),Team 4
"Imm w/ Hijab, Neutral Att",1,5,.40000001,K<9a>ln (Messe),Team 4
Imm w/o Hijab,1,3,0,K<9a>ln (Messe),Team 4
Imm w/o Hijab,1,2,0,K<9a>ln (Messe),Team 4
Imm w/o Hijab,1,2,1,K<9a>ln (Messe),Team 4
Imm w/o Hijab,0,2,.5,K<9a>ln (Messe),Team 4
Imm w/o Hijab,1,2,1,K<9a>ln (Messe),Team 4
Imm w/o Hijab,1,3,.33333334,K<9a>ln (Messe),Team 4
German,1,4,.5,K<9a>ln (Messe),Team 4
Imm w/o Hijab,1,3,.33333334,K<9a>ln (Messe),Team 4
Imm w/o Hijab,1,4,.25,K<9a>ln (Messe),Team 4
Imm w/o Hijab,1,3,.33333334,K<9a>ln (Messe),Team 4
Imm w/o Hijab,1,2,1,K<9a>ln (Messe),Team 4
Imm w/o Hijab,0,2,.5,K<9a>ln (Messe),Team 4
"Imm w/ Hijab, Neutral Att",1,2,.5,K<9a>ln (Messe),Team 4
"Imm w/ Hijab, Progressive Att",1,2,.5,K<9a>ln (Messe),Team 4
"Imm w/ Hijab, Neutral Att",1,3,.33333334,K<9a>ln (Messe),Team 4
Imm w/o Hijab,1,2,.5,K<9a>ln (Messe),Team 4
Imm w/o Hijab,1,2,0,K<9a>ln (Messe),Team 4
German,0,3,0,K<9a>ln (Messe),Team 4
"Imm w/ Hijab, Neutral Att",1,2,1,K<9a>ln (Messe),Team 4
Imm w/o Hijab,0,2,.5,K<9a>ln (Messe),Team 4
"Imm w/ Hijab, Neutral Att",1,2,0,K<9a>ln (Messe),Team 4
"Imm w/ Hijab, Conservative Att",1,2,0,K<9a>ln (Messe),Team 4
German,1,1,1,M<9a>nchengladbackh,Team 4
German,1,1,1,M<9a>nchengladbackh,Team 4
German,0,1,1,M<9a>nchengladbackh,Team 4
"Imm w/ Hijab, Progressive Att",1,3,.33333334,M<9a>nchengladbackh,Team 4
"Imm w/ Hijab, Neutral Att",1,2,.5,M<9a>nchengladbackh,Team 4
Imm w/o Hijab,0,2,1,M<9a>nchengladbackh,Team 4
"Imm w/ Hijab, Progressive Att",0,2,.5,M<9a>nchengladbackh,Team 4
Imm w/o Hijab,1,1,0,M<9a>nchengladbackh,Team 4
Imm w/o Hijab,0,3,1,M<9a>nchengladbackh,Team 4
German,1,1,0,M<9a>nchengladbackh,Team 4
"Imm w/ Hijab, Neutral Att",0,2,1,M<9a>nchengladbackh,Team 4
"Imm w/ Hijab, Conservative Att",0,2,.5,M<9a>nchengladbackh,Team 4
German,0,3,.33333334,M<9a>nchengladbackh,Team 4
"Imm w/ Hijab, Conservative Att",0,2,1,M<9a>nchengladbackh,Team 4
Imm w/o Hijab,1,3,.33333334,M<9a>nchengladbackh,Team 4
German,1,1,1,M<9a>nchengladbackh,Team 4
Imm w/o Hijab,1,2,0,M<9a>nchengladbackh,Team 4
"Imm w/ Hijab, Neutral Att",1,2,.5,M<9a>nchengladbackh,Team 4
"Imm w/ Hijab, Neutral Att",1,1,0,M<9a>nchengladbackh,Team 4
German,0,1,0,M<9a>nchengladbackh,Team 4
German,1,3,0,M<9a>nchengladbackh,Team 4
Imm w/o Hijab,1,2,1,M<9a>nchengladbackh,Team 4
German,1,2,.5,M<9a>nchengladbackh,Team 4
Imm w/o Hijab,1,2,.5,M<9a>nchengladbackh,Team 4
Imm w/o Hijab,1,1,0,M<9a>nchengladbackh,Team 4
Imm w/o Hijab,1,3,0,M<9a>nchengladbackh,Team 4
Imm w/o Hijab,1,2,0,M<9a>nchengladbackh,Team 4
"Imm w/ Hijab, Conservative Att",0,1,1,M<9a>nchengladbackh,Team 4
Imm w/o Hijab,1,1,0,M<9a>nchengladbackh,Team 4
"Imm w/ Hijab, Progressive Att",0,4,1,M<9a>nchengladbackh,Team 4
Imm w/o Hijab,1,1,0,M<9a>nchengladbackh,Team 4
"Imm w/ Hijab, Progressive Att",1,2,.5,M<9a>nchengladbackh,Team 4
"Imm w/ Hijab, Progressive Att",1,1,1,M<9a>nchengladbackh,Team 4
Imm w/o Hijab,1,4,.75,K<9a>ln (Hbf),Team 4
"Imm w/ Hijab, Progressive Att",0,3,.66666669,K<9a>ln (Hbf),Team 4
Imm w/o Hijab,1,2,0,K<9a>ln (Hbf),Team 4
"Imm w/ Hijab, Progressive Att",1,3,.33333334,K<9a>ln (Hbf),Team 4
German,1,3,1,K<9a>ln (Hbf),Team 4
Imm w/o Hijab,0,4,.5,K<9a>ln (Hbf),Team 4
Imm w/o Hijab,1,2,.5,K<9a>ln (Hbf),Team 4
Imm w/o Hijab,0,4,.5,K<9a>ln (Hbf),Team 4
Imm w/o Hijab,1,4,.5,K<9a>ln (Hbf),Team 4
German,1,4,.5,K<9a>ln (Hbf),Team 4
Imm w/o Hijab,1,4,.5,K<9a>ln (Hbf),Team 4
Imm w/o Hijab,1,1,0,K<9a>ln (Hbf),Team 4
"Imm w/ Hijab, Progressive Att",0,1,1,K<9a>ln (Hbf),Team 4
German,1,2,.5,K<9a>ln (Hbf),Team 4
"Imm w/ Hijab, Neutral Att",1,3,1,K<9a>ln (Hbf),Team 4
Imm w/o Hijab,1,3,1,K<9a>ln (Hbf),Team 4
Imm w/o Hijab,1,3,.33333334,K<9a>ln (Hbf),Team 4
"Imm w/ Hijab, Conservative Att",1,3,.33333334,K<9a>ln (Hbf),Team 4
German,1,2,1,K<9a>ln (Hbf),Team 4
German,1,3,.66666669,K<9a>ln (Hbf),Team 4
"Imm w/ Hijab, Conservative Att",0,3,1,K<9a>ln (Hbf),Team 4
Imm w/o Hijab,1,3,.33333334,K<9a>ln (Hbf),Team 4
Imm w/o Hijab,1,4,.75,K<9a>ln (Hbf),Team 4
Imm w/o Hijab,0,3,.66666669,K<9a>ln (Hbf),Team 4
"Imm w/ Hijab, Neutral Att",1,2,1,K<9a>ln (Hbf),Team 4
"Imm w/ Hijab, Neutral Att",0,3,.66666669,K<9a>ln (Hbf),Team 4
German,1,2,1,K<9a>ln (Hbf),Team 4
Imm w/o Hijab,1,3,1,K<9a>ln (Hbf),Team 4
German,1,2,1,K<9a>ln (Hbf),Team 4
"Imm w/ Hijab, Neutral Att",1,4,.75,K<9a>ln (Hbf),Team 4
"Imm w/ Hijab, Conservative Att",0,3,.66666669,K<9a>ln (Hbf),Team 4
Imm w/o Hijab,1,3,.33333334,K<9a>ln (Hbf),Team 4
German,1,4,.5,K<9a>ln (Hbf),Team 4
"Imm w/ Hijab, Neutral Att",0,4,1,K<9a>ln (Messe),Team 4
"Imm w/ Hijab, Progressive Att",1,2,.5,K<9a>ln (Messe),Team 4
Imm w/o Hijab,1,1,1,K<9a>ln (Messe),Team 4
Imm w/o Hijab,0,2,.5,K<9a>ln (Messe),Team 4
Imm w/o Hijab,1,1,0,K<9a>ln (Messe),Team 4
Imm w/o Hijab,1,2,.5,K<9a>ln (Messe),Team 4
"Imm w/ Hijab, Neutral Att",0,2,.5,K<9a>ln (Messe),Team 4
"Imm w/ Hijab, Conservative Att",1,2,.5,K<9a>ln (Messe),Team 4
Imm w/o Hijab,1,3,.33333334,K<9a>ln (Messe),Team 4
"Imm w/ Hijab, Neutral Att",1,4,.5,K<9a>ln (Messe),Team 4
Imm w/o Hijab,1,2,1,K<9a>ln (Messe),Team 4
German,1,2,.5,K<9a>ln (Messe),Team 4
"Imm w/ Hijab, Neutral Att",1,2,.5,K<9a>ln (Messe),Team 4
German,0,2,1,K<9a>ln (Messe),Team 4
Imm w/o Hijab,0,2,0,K<9a>ln (Messe),Team 4
Imm w/o Hijab,1,2,.5,K<9a>ln (Messe),Team 4
Imm w/o Hijab,0,4,.75,K<9a>ln (Messe),Team 4
German,0,3,.33333334,K<9a>ln (Messe),Team 4
German,0,3,.33333334,K<9a>ln (Messe),Team 4
Imm w/o Hijab,1,2,0,K<9a>ln (Messe),Team 4
"Imm w/ Hijab, Progressive Att",0,5,.2,K<9a>ln (Messe),Team 4
Imm w/o Hijab,1,4,.25,K<9a>ln (Messe),Team 4
Imm w/o Hijab,1,2,.5,K<9a>ln (Messe),Team 4
German,1,4,1,K<9a>ln (Messe),Team 4
Imm w/o Hijab,0,2,1,K<9a>ln (Messe),Team 4
"Imm w/ Hijab, Neutral Att",0,2,1,K<9a>ln (Messe),Team 4
Imm w/o Hijab,0,3,.33333334,K<9a>ln (Messe),Team 4
German,1,2,0,K<9a>ln (Messe),Team 4
Imm w/o Hijab,1,3,.33333334,K<9a>ln (Messe),Team 4
German,1,2,0,K<9a>ln (Messe),Team 4
German,1,2,0,K<9a>ln (Messe),Team 4
German,1,4,.5,K<9a>ln (Messe),Team 4
German,1,2,.5,K<9a>ln (Messe),Team 4
"Imm w/ Hijab, Conservative Att",1,2,0,K<9a>ln (Messe),Team 4
"Imm w/ Hijab, Progressive Att",0,2,.5,K<9a>ln (Messe),Team 4
Imm w/o Hijab,1,2,1,Bonn,Team 4
Imm w/o Hijab,1,2,.5,Bonn,Team 4
"Imm w/ Hijab, Neutral Att",1,5,.60000002,Bonn,Team 4
Imm w/o Hijab,0,2,.5,Bonn,Team 4
Imm w/o Hijab,1,2,.5,Bonn,Team 4
Imm w/o Hijab,1,1,1,Bonn,Team 4
"Imm w/ Hijab, Conservative Att",1,3,.66666669,Bonn,Team 4
Imm w/o Hijab,1,2,.5,Bonn,Team 4
"Imm w/ Hijab, Neutral Att",1,3,.33333334,Bonn,Team 4
"Imm w/ Hijab, Neutral Att",1,5,.40000001,Bonn,Team 4
"Imm w/ Hijab, Progressive Att",1,3,.33333334,Bonn,Team 4
"Imm w/ Hijab, Progressive Att",1,2,1,Bonn,Team 4
German,1,2,.5,Bonn,Team 4
"Imm w/ Hijab, Neutral Att",1,2,1,Bonn,Team 4
Imm w/o Hijab,1,3,0,Bonn,Team 4
"Imm w/ Hijab, Progressive Att",1,2,1,Bonn,Team 4
"Imm w/ Hijab, Conservative Att",1,2,1,Bonn,Team 4
Imm w/o Hijab,1,2,.5,Bonn,Team 4
Imm w/o Hijab,1,3,.33333334,Bonn,Team 4
Imm w/o Hijab,0,3,.66666669,Bonn,Team 4
Imm w/o Hijab,0,2,1,Bonn,Team 4
Imm w/o Hijab,1,2,1,Bonn,Team 4
Imm w/o Hijab,1,2,1,Bonn,Team 4
"Imm w/ Hijab, Conservative Att",1,5,.40000001,Bonn,Team 4
German,0,3,.33333334,Bonn,Team 4
"Imm w/ Hijab, Conservative Att",1,3,1,Bonn,Team 4
Imm w/o Hijab,0,2,.5,Bonn,Team 4
German,1,3,1,Bonn,Team 4
Imm w/o Hijab,0,3,.66666669,Bonn,Team 4
"Imm w/ Hijab, Conservative Att",1,2,1,Bonn,Team 4
"Imm w/ Hijab, Progressive Att",1,2,1,Bonn,Team 4
Imm w/o Hijab,1,2,1,Bonn,Team 4
Imm w/o Hijab,1,2,.5,Bonn,Team 4
Imm w/o Hijab,1,3,.33333334,Bonn,Team 4
Imm w/o Hijab,1,4,.75,M<9a>nchengladbackh,Team 4
"Imm w/ Hijab, Neutral Att",1,1,1,M<9a>nchengladbackh,Team 4
Imm w/o Hijab,1,2,.5,M<9a>nchengladbackh,Team 4
"Imm w/ Hijab, Progressive Att",1,2,.5,M<9a>nchengladbackh,Team 4
Imm w/o Hijab,1,2,0,M<9a>nchengladbackh,Team 4
Imm w/o Hijab,1,4,.5,M<9a>nchengladbackh,Team 4
German,0,1,0,M<9a>nchengladbackh,Team 4
"Imm w/ Hijab, Neutral Att",1,2,.5,M<9a>nchengladbackh,Team 4
"Imm w/ Hijab, Progressive Att",1,3,0,M<9a>nchengladbackh,Team 4
"Imm w/ Hijab, Neutral Att",0,2,1,M<9a>nchengladbackh,Team 4
Imm w/o Hijab,0,1,0,M<9a>nchengladbackh,Team 4
Imm w/o Hijab,1,2,.5,M<9a>nchengladbackh,Team 4
Imm w/o Hijab,1,2,0,M<9a>nchengladbackh,Team 4
German,1,2,.5,M<9a>nchengladbackh,Team 4
German,1,5,.40000001,M<9a>nchengladbackh,Team 4
Imm w/o Hijab,1,2,0,M<9a>nchengladbackh,Team 4
Imm w/o Hijab,1,1,0,M<9a>nchengladbackh,Team 4
"Imm w/ Hijab, Neutral Att",1,2,.5,M<9a>nchengladbackh,Team 4
Imm w/o Hijab,1,3,.66666669,M<9a>nchengladbackh,Team 4
German,1,2,0,M<9a>nchengladbackh,Team 4
German,1,2,.5,M<9a>nchengladbackh,Team 4
"Imm w/ Hijab, Neutral Att",1,5,.40000001,M<9a>nchengladbackh,Team 4
"Imm w/ Hijab, Conservative Att",0,3,.33333334,M<9a>nchengladbackh,Team 4
Imm w/o Hijab,1,3,.33333334,M<9a>nchengladbackh,Team 4
Imm w/o Hijab,0,2,.5,M<9a>nchengladbackh,Team 4
"Imm w/ Hijab, Conservative Att",0,3,.66666669,M<9a>nchengladbackh,Team 4
"Imm w/ Hijab, Neutral Att",1,2,.5,M<9a>nchengladbackh,Team 4
Imm w/o Hijab,1,2,.5,M<9a>nchengladbackh,Team 4
"Imm w/ Hijab, Conservative Att",1,2,.5,M<9a>nchengladbackh,Team 4
Imm w/o Hijab,1,2,.5,M<9a>nchengladbackh,Team 4
Imm w/o Hijab,0,1,1,M<9a>nchengladbackh,Team 4
German,1,2,.5,M<9a>nchengladbackh,Team 4
Imm w/o Hijab,1,2,.5,M<9a>nchengladbackh,Team 4
Imm w/o Hijab,1,2,.5,M<9a>nchengladbackh,Team 4
German,1,4,.75,M<9a>nchengladbackh,Team 4
Imm w/o Hijab,1,3,0,D<9f>sseldorf,Team 4
"Imm w/ Hijab, Neutral Att",1,4,.5,D<9f>sseldorf,Team 4
"Imm w/ Hijab, Conservative Att",1,2,.5,D<9f>sseldorf,Team 4
"Imm w/ Hijab, Neutral Att",1,2,1,D<9f>sseldorf,Team 4
Imm w/o Hijab,1,3,.33333334,D<9f>sseldorf,Team 4
German,0,5,.40000001,D<9f>sseldorf,Team 4
"Imm w/ Hijab, Neutral Att",1,4,.75,D<9f>sseldorf,Team 4
German,1,2,.5,D<9f>sseldorf,Team 4
"Imm w/ Hijab, Progressive Att",1,2,.5,D<9f>sseldorf,Team 4
"Imm w/ Hijab, Neutral Att",1,3,.66666669,D<9f>sseldorf,Team 4
German,0,3,0,D<9f>sseldorf,Team 4
Imm w/o Hijab,1,5,.80000001,D<9f>sseldorf,Team 4
"Imm w/ Hijab, Progressive Att",0,3,0,D<9f>sseldorf,Team 4
"Imm w/ Hijab, Progressive Att",1,4,0,D<9f>sseldorf,Team 4
Imm w/o Hijab,0,4,.75,D<9f>sseldorf,Team 4
"Imm w/ Hijab, Progressive Att",0,3,.33333334,D<9f>sseldorf,Team 4
"Imm w/ Hijab, Neutral Att",1,2,.5,D<9f>sseldorf,Team 4
Imm w/o Hijab,0,3,0,D<9f>sseldorf,Team 4
German,1,2,.5,D<9f>sseldorf,Team 4
German,0,3,1,D<9f>sseldorf,Team 4
"Imm w/ Hijab, Neutral Att",0,3,.33333334,D<9f>sseldorf,Team 4
German,1,2,.5,D<9f>sseldorf,Team 4
German,1,2,1,D<9f>sseldorf,Team 4
Imm w/o Hijab,1,1,1,D<9f>sseldorf,Team 4
Imm w/o Hijab,0,1,1,D<9f>sseldorf,Team 4
German,0,4,.25,D<9f>sseldorf,Team 4
German,0,2,.5,D<9f>sseldorf,Team 4
Imm w/o Hijab,0,2,.5,D<9f>sseldorf,Team 4
Imm w/o Hijab,0,3,.66666669,D<9f>sseldorf,Team 4
Imm w/o Hijab,0,4,.75,D<9f>sseldorf,Team 4
Imm w/o Hijab,1,2,.5,D<9f>sseldorf,Team 4
Imm w/o Hijab,1,2,1,D<9f>sseldorf,Team 4
German,1,4,.75,D<9f>sseldorf,Team 4
Imm w/o Hijab,1,3,.66666669,D<9f>sseldorf,Team 4
"Imm w/ Hijab, Conservative Att",1,3,.33333334,D<9f>sseldorf,Team 4
Imm w/o Hijab,1,1,0,D<9f>sseldorf,Team 4
Imm w/o Hijab,1,5,.60000002,D<9f>sseldorf,Team 4
German,0,3,0,D<9f>sseldorf,Team 4
German,1,3,.33333334,D<9f>sseldorf,Team 4
Imm w/o Hijab,0,1,0,Neuss,Team 4
German,1,2,0,Neuss,Team 4
Imm w/o Hijab,1,3,.33333334,Neuss,Team 4
"Imm w/ Hijab, Neutral Att",0,2,.5,Neuss,Team 4
Imm w/o Hijab,1,3,1,Neuss,Team 4
German,0,2,.5,Neuss,Team 4
"Imm w/ Hijab, Neutral Att",0,4,.25,Neuss,Team 4
Imm w/o Hijab,1,1,1,Neuss,Team 4
Imm w/o Hijab,1,2,.5,Neuss,Team 4
Imm w/o Hijab,1,4,.5,Neuss,Team 4
Imm w/o Hijab,1,2,.5,Neuss,Team 4
German,1,2,0,Neuss,Team 4
Imm w/o Hijab,0,1,1,Neuss,Team 4
Imm w/o Hijab,0,1,0,Neuss,Team 4
"Imm w/ Hijab, Neutral Att",1,2,.5,Neuss,Team 4
German,1,3,.66666669,Neuss,Team 4
German,1,1,1,Neuss,Team 4
Imm w/o Hijab,0,1,1,Neuss,Team 4
Imm w/o Hijab,1,2,.5,Neuss,Team 4
Imm w/o Hijab,0,2,0,Neuss,Team 4
Imm w/o Hijab,1,4,.5,Neuss,Team 4
Imm w/o Hijab,0,4,.75,Neuss,Team 4
"Imm w/ Hijab, Neutral Att",0,2,.5,Neuss,Team 4
Imm w/o Hijab,1,2,1,Neuss,Team 4
Imm w/o Hijab,1,2,.5,Neuss,Team 4
German,1,5,.80000001,Neuss,Team 4
Imm w/o Hijab,0,3,1,Neuss,Team 4
Imm w/o Hijab,1,2,.5,Neuss,Team 4
"Imm w/ Hijab, Neutral Att",1,1,0,Neuss,Team 4
"Imm w/ Hijab, Conservative Att",0,4,.5,Neuss,Team 4
Imm w/o Hijab,1,2,1,Neuss,Team 4
German,1,2,.5,Neuss,Team 4
"Imm w/ Hijab, Neutral Att",1,2,1,Neuss,Team 4
Imm w/o Hijab,1,3,1.3333334,Neuss,Team 4
Imm w/o Hijab,0,4,.75,Neuss,Team 4
Imm w/o Hijab,1,2,1,Neuss,Team 4
German,1,2,0,Neuss,Team 4
"Imm w/ Hijab, Neutral Att",1,1,0,Neuss,Team 4
Imm w/o Hijab,0,1,1,Neuss,Team 4
Imm w/o Hijab,0,1,1,Neuss,Team 4
Imm w/o Hijab,0,3,.33333334,Neuss,Team 4
Imm w/o Hijab,1,2,.5,Neuss,Team 4
German,1,1,1,K<9a>ln (Messe),Team 4
Imm w/o Hijab,1,2,.5,K<9a>ln (Messe),Team 4
Imm w/o Hijab,0,1,1,K<9a>ln (Messe),Team 4
Imm w/o Hijab,1,3,.33333334,K<9a>ln (Messe),Team 4
Imm w/o Hijab,1,1,0,K<9a>ln (Messe),Team 4
"Imm w/ Hijab, Conservative Att",0,3,.66666669,K<9a>ln (Messe),Team 4
Imm w/o Hijab,0,3,.33333334,K<9a>ln (Messe),Team 4
Imm w/o Hijab,1,3,.33333334,K<9a>ln (Messe),Team 4
German,1,2,.5,K<9a>ln (Messe),Team 4
"Imm w/ Hijab, Neutral Att",1,1,1,K<9a>ln (Messe),Team 4
German,1,1,0,K<9a>ln (Messe),Team 4
"Imm w/ Hijab, Progressive Att",1,1,1,K<9a>ln (Messe),Team 4
German,0,2,.5,K<9a>ln (Messe),Team 4
"Imm w/ Hijab, Progressive Att",0,4,.75,K<9a>ln (Messe),Team 4
Imm w/o Hijab,0,2,1,K<9a>ln (Messe),Team 4
"Imm w/ Hijab, Neutral Att",1,2,1,K<9a>ln (Messe),Team 4
"Imm w/ Hijab, Progressive Att",1,2,.5,K<9a>ln (Messe),Team 4
"Imm w/ Hijab, Progressive Att",1,4,.25,K<9a>ln (Messe),Team 4
Imm w/o Hijab,1,2,0,K<9a>ln (Messe),Team 4
Imm w/o Hijab,0,1,0,K<9a>ln (Messe),Team 4
Imm w/o Hijab,0,2,.5,K<9a>ln (Messe),Team 4
Imm w/o Hijab,0,1,1,K<9a>ln (Messe),Team 4
Imm w/o Hijab,1,2,0,K<9a>ln (Messe),Team 4
Imm w/o Hijab,1,2,.5,K<9a>ln (Messe),Team 4
German,1,3,.66666669,K<9a>ln (Messe),Team 4
Imm w/o Hijab,1,3,0,K<9a>ln (Messe),Team 4
German,1,3,.66666669,K<9a>ln (Messe),Team 4
German,1,2,.5,K<9a>ln (Messe),Team 4
Imm w/o Hijab,1,2,.5,K<9a>ln (Messe),Team 4
German,1,3,.33333334,K<9a>ln (Messe),Team 4
Imm w/o Hijab,0,3,1.3333334,K<9a>ln (Messe),Team 4
Imm w/o Hijab,1,3,.33333334,K<9a>ln (Messe),Team 4
"Imm w/ Hijab, Conservative Att",1,1,1,K<9a>ln (Messe),Team 4
German,1,3,.66666669,K<9a>ln (Messe),Team 4
Imm w/o Hijab,1,2,.5,K<9a>ln (Messe),Team 4
Imm w/o Hijab,1,2,.5,K<9a>ln (Messe),Team 4
"Imm w/ Hijab, Conservative Att",0,3,1,K<9a>ln (Messe),Team 4
"Imm w/ Hijab, Conservative Att",1,2,0,K<9a>ln (Messe),Team 4
German,0,5,.40000001,K<9a>ln (Messe),Team 4
German,0,1,0,K<9a>ln (Messe),Team 4
"Imm w/ Hijab, Progressive Att",0,2,0,K<9a>ln (Messe),Team 4
"Imm w/ Hijab, Progressive Att",1,1,1,K<9a>ln (Messe),Team 4
Imm w/o Hijab,1,2,.5,M<9a>nchengladbackh,Team 4
German,1,2,0,M<9a>nchengladbackh,Team 4
Imm w/o Hijab,0,2,0,M<9a>nchengladbackh,Team 4
Imm w/o Hijab,1,2,0,M<9a>nchengladbackh,Team 4
"Imm w/ Hijab, Conservative Att",0,3,.66666669,M<9a>nchengladbackh,Team 4
German,1,3,1,M<9a>nchengladbackh,Team 4
"Imm w/ Hijab, Progressive Att",0,2,1,M<9a>nchengladbackh,Team 4
"Imm w/ Hijab, Neutral Att",0,1,0,M<9a>nchengladbackh,Team 4
German,1,2,.5,M<9a>nchengladbackh,Team 4
Imm w/o Hijab,1,1,1,M<9a>nchengladbackh,Team 4
German,1,1,1,M<9a>nchengladbackh,Team 4
Imm w/o Hijab,1,1,0,M<9a>nchengladbackh,Team 4
"Imm w/ Hijab, Neutral Att",1,1,1,M<9a>nchengladbackh,Team 4
Imm w/o Hijab,1,5,.2,M<9a>nchengladbackh,Team 4
German,1,5,1,M<9a>nchengladbackh,Team 4
Imm w/o Hijab,1,1,1,M<9a>nchengladbackh,Team 4
German,1,3,.33333334,M<9a>nchengladbackh,Team 4
German,1,2,0,M<9a>nchengladbackh,Team 4
Imm w/o Hijab,1,1,0,M<9a>nchengladbackh,Team 4
Imm w/o Hijab,1,1,1,M<9a>nchengladbackh,Team 4
Imm w/o Hijab,1,2,.5,M<9a>nchengladbackh,Team 4
German,1,3,.66666669,M<9a>nchengladbackh,Team 4
German,1,2,.5,M<9a>nchengladbackh,Team 4
Imm w/o Hijab,0,1,1,M<9a>nchengladbackh,Team 4
Imm w/o Hijab,0,2,1,M<9a>nchengladbackh,Team 4
"Imm w/ Hijab, Neutral Att",1,4,.5,M<9a>nchengladbackh,Team 4
Imm w/o Hijab,0,3,.66666669,M<9a>nchengladbackh,Team 4
Imm w/o Hijab,0,2,.5,M<9a>nchengladbackh,Team 4
"Imm w/ Hijab, Neutral Att",1,2,1,M<9a>nchengladbackh,Team 4
German,1,3,.33333334,M<9a>nchengladbackh,Team 4
"Imm w/ Hijab, Progressive Att",1,2,1,M<9a>nchengladbackh,Team 4
Imm w/o Hijab,1,2,.5,M<9a>nchengladbackh,Team 4
"Imm w/ Hijab, Conservative Att",1,1,1,M<9a>nchengladbackh,Team 4
"Imm w/ Hijab, Neutral Att",1,1,0,M<9a>nchengladbackh,Team 4
Imm w/o Hijab,0,3,.66666669,M<9a>nchengladbackh,Team 4
"Imm w/ Hijab, Progressive Att",1,2,.5,K<9a>ln (Hbf),Team 4
Imm w/o Hijab,1,5,.40000001,K<9a>ln (Hbf),Team 4
Imm w/o Hijab,1,2,1,K<9a>ln (Hbf),Team 4
German,1,2,.5,K<9a>ln (Hbf),Team 4
Imm w/o Hijab,1,2,.5,K<9a>ln (Hbf),Team 4
Imm w/o Hijab,1,2,.5,K<9a>ln (Hbf),Team 4
German,0,1,0,K<9a>ln (Hbf),Team 4
"Imm w/ Hijab, Neutral Att",0,2,.5,K<9a>ln (Hbf),Team 4
Imm w/o Hijab,1,3,.66666669,K<9a>ln (Hbf),Team 4
"Imm w/ Hijab, Progressive Att",0,5,.2,K<9a>ln (Hbf),Team 4
"Imm w/ Hijab, Conservative Att",0,2,0,K<9a>ln (Hbf),Team 4
"Imm w/ Hijab, Neutral Att",1,2,1,K<9a>ln (Hbf),Team 4
"Imm w/ Hijab, Progressive Att",0,4,.5,K<9a>ln (Hbf),Team 4
Imm w/o Hijab,1,2,.5,K<9a>ln (Hbf),Team 4
Imm w/o Hijab,1,4,.5,K<9a>ln (Hbf),Team 4
"Imm w/ Hijab, Neutral Att",1,3,.66666669,K<9a>ln (Hbf),Team 4
German,1,3,1,K<9a>ln (Hbf),Team 4
Imm w/o Hijab,1,1,0,K<9a>ln (Hbf),Team 4
"Imm w/ Hijab, Neutral Att",1,2,.5,K<9a>ln (Hbf),Team 4
German,0,1,1,K<9a>ln (Hbf),Team 4
Imm w/o Hijab,0,2,.5,K<9a>ln (Hbf),Team 4
German,1,2,.5,K<9a>ln (Hbf),Team 4
Imm w/o Hijab,0,2,0,K<9a>ln (Hbf),Team 4
"Imm w/ Hijab, Progressive Att",1,2,0,K<9a>ln (Hbf),Team 4
German,1,2,.5,K<9a>ln (Hbf),Team 4
Imm w/o Hijab,1,2,.5,K<9a>ln (Hbf),Team 4
German,1,3,.66666669,K<9a>ln (Hbf),Team 4
"Imm w/ Hijab, Neutral Att",1,2,1,K<9a>ln (Hbf),Team 4
German,0,2,1,K<9a>ln (Hbf),Team 4
Imm w/o Hijab,0,2,1,K<9a>ln (Hbf),Team 4
"Imm w/ Hijab, Neutral Att",1,2,.5,K<9a>ln (Hbf),Team 4
Imm w/o Hijab,1,3,.66666669,K<9a>ln (Hbf),Team 4
German,1,3,1,Bonn,Team 4
German,1,2,1,Bonn,Team 4
German,1,4,.5,Bonn,Team 4
"Imm w/ Hijab, Conservative Att",1,2,.5,Bonn,Team 4
"Imm w/ Hijab, Neutral Att",1,3,.33333334,Bonn,Team 4
German,1,1,0,Bonn,Team 4
Imm w/o Hijab,1,3,.66666669,Bonn,Team 4
Imm w/o Hijab,1,2,.5,Bonn,Team 4
Imm w/o Hijab,1,2,.5,Bonn,Team 4
Imm w/o Hijab,1,3,.33333334,Bonn,Team 4
Imm w/o Hijab,1,2,1,Bonn,Team 4
"Imm w/ Hijab, Neutral Att",1,2,.5,Bonn,Team 4
"Imm w/ Hijab, Progressive Att",1,3,.66666669,Bonn,Team 4
Imm w/o Hijab,1,5,0,Bonn,Team 4
Imm w/o Hijab,1,1,0,Bonn,Team 4
"Imm w/ Hijab, Progressive Att",1,3,0,Bonn,Team 4
Imm w/o Hijab,1,2,.5,Bonn,Team 4
Imm w/o Hijab,1,1,0,Bonn,Team 4
"Imm w/ Hijab, Neutral Att",0,3,.66666669,Bonn,Team 4
Imm w/o Hijab,1,2,.5,Bonn,Team 4
German,1,2,1,Bonn,Team 4
"Imm w/ Hijab, Conservative Att",0,2,.5,Bonn,Team 4
Imm w/o Hijab,1,2,1,Bonn,Team 4
German,0,2,.5,Bonn,Team 4
"Imm w/ Hijab, Neutral Att",1,4,.5,Bonn,Team 4
"Imm w/ Hijab, Neutral Att",0,3,.66666669,Bonn,Team 4
"Imm w/ Hijab, Progressive Att",1,1,0,Bonn,Team 4
"Imm w/ Hijab, Progressive Att",0,4,1,Bonn,Team 4
Imm w/o Hijab,1,4,.5,Bonn,Team 4
"Imm w/ Hijab, Neutral Att",0,1,1,Bonn,Team 4
Imm w/o Hijab,1,2,.5,Bonn,Team 4
German,0,3,.33333334,Bonn,Team 4
Imm w/o Hijab,1,3,.66666669,Bonn,Team 4
Imm w/o Hijab,1,2,.5,Bonn,Team 4
Imm w/o Hijab,1,2,.5,Siegen,Team 4
Imm w/o Hijab,1,2,1,Siegen,Team 4
German,1,1,0,Siegen,Team 4
"Imm w/ Hijab, Neutral Att",1,1,0,Siegen,Team 4
Imm w/o Hijab,1,1,0,Siegen,Team 4
Imm w/o Hijab,0,1,1,Siegen,Team 4
Imm w/o Hijab,1,1,1,Siegen,Team 4
Imm w/o Hijab,1,2,.5,Siegen,Team 4
Imm w/o Hijab,1,2,1,Siegen,Team 4
German,1,2,.5,Siegen,Team 4
Imm w/o Hijab,1,2,.5,K<9a>ln (Hbf),Team 4
German,1,1,0,K<9a>ln (Hbf),Team 4
Imm w/o Hijab,1,3,.33333334,K<9a>ln (Hbf),Team 4
Imm w/o Hijab,0,2,1,K<9a>ln (Hbf),Team 4
Imm w/o Hijab,1,2,.5,K<9a>ln (Hbf),Team 4
Imm w/o Hijab,1,1,0,K<9a>ln (Hbf),Team 4
Imm w/o Hijab,1,3,.66666669,K<9a>ln (Hbf),Team 4
German,1,4,.75,K<9a>ln (Hbf),Team 4
Imm w/o Hijab,1,1,1,K<9a>ln (Hbf),Team 4
Imm w/o Hijab,1,2,0,K<9a>ln (Hbf),Team 4
German,1,2,1,K<9a>ln (Hbf),Team 4
"Imm w/ Hijab, Conservative Att",1,2,1,K<9a>ln (Hbf),Team 4
Imm w/o Hijab,0,4,.25,K<9a>ln (Hbf),Team 4
Imm w/o Hijab,1,2,1,Bonn,Team 4
German,1,3,1,Bonn,Team 4
German,1,3,.33333334,Bonn,Team 4
Imm w/o Hijab,1,1,1,Bonn,Team 4
"Imm w/ Hijab, Neutral Att",0,2,.5,Bonn,Team 4
Imm w/o Hijab,0,1,1,Bonn,Team 4
German,1,3,.33333334,Bonn,Team 4
Imm w/o Hijab,1,2,0,Bonn,Team 4
German,1,3,.66666669,Bonn,Team 4
Imm w/o Hijab,1,2,1,Bonn,Team 4
Imm w/o Hijab,1,2,0,Bonn,Team 4
German,1,2,0,Bonn,Team 4
"Imm w/ Hijab, Progressive Att",1,3,.66666669,Bonn,Team 4
"Imm w/ Hijab, Neutral Att",0,2,.5,Bonn,Team 4
German,0,4,1,Bonn,Team 4
Imm w/o Hijab,1,1,0,Bonn,Team 4
German,1,2,.5,Bonn,Team 4
Imm w/o Hijab,1,2,.5,Bonn,Team 4
"Imm w/ Hijab, Neutral Att",1,2,1,Bonn,Team 4
"Imm w/ Hijab, Neutral Att",1,2,0,Bonn,Team 4
Imm w/o Hijab,1,2,.5,Bonn,Team 4
"Imm w/ Hijab, Neutral Att",1,1,0,Bonn,Team 4
Imm w/o Hijab,1,2,.5,Bonn,Team 4
Imm w/o Hijab,1,3,.33333334,Bonn,Team 4
"Imm w/ Hijab, Conservative Att",1,1,2,Bonn,Team 4
Imm w/o Hijab,1,3,.66666669,Bonn,Team 4
Imm w/o Hijab,1,2,1,Bonn,Team 4
Imm w/o Hijab,1,4,1,Bonn,Team 4
Imm w/o Hijab,1,3,.66666669,Bonn,Team 4
"Imm w/ Hijab, Neutral Att",0,2,.5,Bonn,Team 4
Imm w/o Hijab,0,3,.66666669,Bonn,Team 4
German,1,3,.66666669,Bonn,Team 4
Imm w/o Hijab,1,4,.75,Bonn,Team 4
Imm w/o Hijab,0,2,1,Bonn,Team 4
Imm w/o Hijab,1,2,.5,M<9a>nchengladbackh,Team 4
Imm w/o Hijab,1,1,0,M<9a>nchengladbackh,Team 4
"Imm w/ Hijab, Progressive Att",0,2,1,M<9a>nchengladbackh,Team 4
"Imm w/ Hijab, Progressive Att",1,2,0,M<9a>nchengladbackh,Team 4
Imm w/o Hijab,1,3,.33333334,M<9a>nchengladbackh,Team 4
"Imm w/ Hijab, Neutral Att",0,1,1,M<9a>nchengladbackh,Team 4
Imm w/o Hijab,1,1,0,M<9a>nchengladbackh,Team 4
Imm w/o Hijab,1,2,.5,M<9a>nchengladbackh,Team 4
"Imm w/ Hijab, Progressive Att",1,1,0,M<9a>nchengladbackh,Team 4
Imm w/o Hijab,1,1,1,M<9a>nchengladbackh,Team 4
"Imm w/ Hijab, Neutral Att",1,2,1,M<9a>nchengladbackh,Team 4
Imm w/o Hijab,1,3,0,M<9a>nchengladbackh,Team 4
"Imm w/ Hijab, Neutral Att",1,3,.33333334,M<9a>nchengladbackh,Team 4
Imm w/o Hijab,1,1,0,M<9a>nchengladbackh,Team 4
Imm w/o Hijab,1,2,1,M<9a>nchengladbackh,Team 4
German,1,2,0,M<9a>nchengladbackh,Team 4
Imm w/o Hijab,1,1,0,M<9a>nchengladbackh,Team 4
Imm w/o Hijab,1,1,0,M<9a>nchengladbackh,Team 4
"Imm w/ Hijab, Conservative Att",0,2,.5,M<9a>nchengladbackh,Team 4
Imm w/o Hijab,1,3,1,M<9a>nchengladbackh,Team 4
"Imm w/ Hijab, Neutral Att",1,3,.33333334,M<9a>nchengladbackh,Team 4
"Imm w/ Hijab, Progressive Att",0,2,.5,M<9a>nchengladbackh,Team 4
Imm w/o Hijab,0,2,1,M<9a>nchengladbackh,Team 4
Imm w/o Hijab,0,1,1,M<9a>nchengladbackh,Team 4
"Imm w/ Hijab, Conservative Att",0,2,.5,M<9a>nchengladbackh,Team 4
German,0,1,1,M<9a>nchengladbackh,Team 4
"Imm w/ Hijab, Neutral Att",1,3,0,M<9a>nchengladbackh,Team 4
German,1,2,.5,M<9a>nchengladbackh,Team 4
German,1,3,.33333334,M<9a>nchengladbackh,Team 4
Imm w/o Hijab,0,2,0,M<9a>nchengladbackh,Team 4
"Imm w/ Hijab, Neutral Att",1,2,.5,M<9a>nchengladbackh,Team 4
"Imm w/ Hijab, Neutral Att",1,3,0,M<9a>nchengladbackh,Team 4
"Imm w/ Hijab, Neutral Att",1,2,0,M<9a>nchengladbackh,Team 4
Imm w/o Hijab,1,3,.66666669,M<9a>nchengladbackh,Team 4
"Imm w/ Hijab, Conservative Att",0,1,0,M<9a>nchengladbackh,Team 4
German,1,1,1,D<9f>sseldorf,Team 4
Imm w/o Hijab,1,2,0,D<9f>sseldorf,Team 4
"Imm w/ Hijab, Neutral Att",1,2,.5,D<9f>sseldorf,Team 4
Imm w/o Hijab,0,1,0,D<9f>sseldorf,Team 4
Imm w/o Hijab,1,2,.5,D<9f>sseldorf,Team 4
Imm w/o Hijab,1,2,0,D<9f>sseldorf,Team 4
Imm w/o Hijab,1,4,.75,D<9f>sseldorf,Team 4
German,0,3,.33333334,D<9f>sseldorf,Team 4
German,1,2,.5,D<9f>sseldorf,Team 4
"Imm w/ Hijab, Neutral Att",1,2,.5,D<9f>sseldorf,Team 4
"Imm w/ Hijab, Neutral Att",1,4,.75,D<9f>sseldorf,Team 4
German,1,2,.5,D<9f>sseldorf,Team 4
Imm w/o Hijab,1,2,.5,D<9f>sseldorf,Team 4
Imm w/o Hijab,1,2,2,D<9f>sseldorf,Team 4
Imm w/o Hijab,0,3,.33333334,D<9f>sseldorf,Team 4
Imm w/o Hijab,1,2,.5,D<9f>sseldorf,Team 4
Imm w/o Hijab,0,2,0,D<9f>sseldorf,Team 4
Imm w/o Hijab,0,5,.40000001,D<9f>sseldorf,Team 4
German,0,3,.66666669,D<9f>sseldorf,Team 4
"Imm w/ Hijab, Neutral Att",1,4,.5,D<9f>sseldorf,Team 4
"Imm w/ Hijab, Progressive Att",1,3,.33333334,D<9f>sseldorf,Team 4
Imm w/o Hijab,1,2,0,D<9f>sseldorf,Team 4
German,1,2,.5,D<9f>sseldorf,Team 4
Imm w/o Hijab,1,4,.25,D<9f>sseldorf,Team 4
German,1,2,.5,D<9f>sseldorf,Team 4
Imm w/o Hijab,1,1,1,D<9f>sseldorf,Team 4
German,0,2,.5,D<9f>sseldorf,Team 4
"Imm w/ Hijab, Progressive Att",1,4,.75,D<9f>sseldorf,Team 4
German,1,5,.80000001,D<9f>sseldorf,Team 4
Imm w/o Hijab,0,3,1,D<9f>sseldorf,Team 4
"Imm w/ Hijab, Neutral Att",1,4,.5,D<9f>sseldorf,Team 4
"Imm w/ Hijab, Neutral Att",0,5,.40000001,D<9f>sseldorf,Team 4
German,1,2,1,D<9f>sseldorf,Team 4
"Imm w/ Hijab, Conservative Att",1,4,.25,D<9f>sseldorf,Team 4
German,1,2,0,D<9f>sseldorf,Team 4
Imm w/o Hijab,1,2,1,D<9f>sseldorf,Team 4
"Imm w/ Hijab, Conservative Att",0,2,1,D<9f>sseldorf,Team 4
"Imm w/ Hijab, Progressive Att",1,2,.5,D<9f>sseldorf,Team 4
Imm w/o Hijab,0,2,.5,D<9f>sseldorf,Team 4
"Imm w/ Hijab, Progressive Att",0,5,.40000001,D<9f>sseldorf,Team 4
Imm w/o Hijab,0,1,1,M<9a>nchengladbackh,Team 4
"Imm w/ Hijab, Conservative Att",0,2,.5,M<9a>nchengladbackh,Team 4
Imm w/o Hijab,1,2,.5,M<9a>nchengladbackh,Team 4
Imm w/o Hijab,1,2,.5,M<9a>nchengladbackh,Team 4
Imm w/o Hijab,1,4,.5,M<9a>nchengladbackh,Team 4
Imm w/o Hijab,1,3,.33333334,M<9a>nchengladbackh,Team 4
Imm w/o Hijab,0,1,0,M<9a>nchengladbackh,Team 4
Imm w/o Hijab,1,2,.5,M<9a>nchengladbackh,Team 4
Imm w/o Hijab,0,3,.33333334,M<9a>nchengladbackh,Team 4
German,1,2,0,M<9a>nchengladbackh,Team 4
Imm w/o Hijab,1,2,.5,M<9a>nchengladbackh,Team 4
German,1,2,.5,M<9a>nchengladbackh,Team 4
Imm w/o Hijab,0,1,1,M<9a>nchengladbackh,Team 4
German,1,2,.5,M<9a>nchengladbackh,Team 4
Imm w/o Hijab,1,2,.5,M<9a>nchengladbackh,Team 4
"Imm w/ Hijab, Conservative Att",1,5,0,M<9a>nchengladbackh,Team 4
"Imm w/ Hijab, Neutral Att",0,3,1,M<9a>nchengladbackh,Team 4
"Imm w/ Hijab, Progressive Att",1,2,.5,M<9a>nchengladbackh,Team 4
Imm w/o Hijab,1,1,1,M<9a>nchengladbackh,Team 4
"Imm w/ Hijab, Conservative Att",1,2,.5,M<9a>nchengladbackh,Team 4
Imm w/o Hijab,1,2,.5,M<9a>nchengladbackh,Team 4
"Imm w/ Hijab, Progressive Att",1,2,.5,M<9a>nchengladbackh,Team 4
Imm w/o Hijab,1,3,.33333334,M<9a>nchengladbackh,Team 4
"Imm w/ Hijab, Conservative Att",0,3,.33333334,M<9a>nchengladbackh,Team 4
"Imm w/ Hijab, Progressive Att",1,2,1,M<9a>nchengladbackh,Team 4
German,1,2,0,M<9a>nchengladbackh,Team 4
"Imm w/ Hijab, Neutral Att",1,3,.33333334,M<9a>nchengladbackh,Team 4
Imm w/o Hijab,0,2,.5,M<9a>nchengladbackh,Team 4
"Imm w/ Hijab, Conservative Att",1,2,.5,M<9a>nchengladbackh,Team 4
"Imm w/ Hijab, Neutral Att",1,1,0,M<9a>nchengladbackh,Team 4
Imm w/o Hijab,1,1,0,M<9a>nchengladbackh,Team 4
"Imm w/ Hijab, Conservative Att",0,5,.2,M<9a>nchengladbackh,Team 4
Imm w/o Hijab,1,2,.5,M<9a>nchengladbackh,Team 4
German,0,2,0,M<9a>nchengladbackh,Team 4
Imm w/o Hijab,1,3,.66666669,M<9a>nchengladbackh,Team 4
Imm w/o Hijab,1,2,0,M<9a>nchengladbackh,Team 4
German,1,3,1,M<9a>nchengladbackh,Team 4
"Imm w/ Hijab, Progressive Att",1,2,.5,M<9a>nchengladbackh,Team 4
Imm w/o Hijab,0,2,.5,M<9a>nchengladbackh,Team 4
Imm w/o Hijab,1,2,.5,M<9a>nchengladbackh,Team 4
"Imm w/ Hijab, Neutral Att",1,1,1,M<9a>nchengladbackh,Team 4
Imm w/o Hijab,1,2,1,M<9a>nchengladbackh,Team 4
"Imm w/ Hijab, Progressive Att",1,2,.5,Leipzig,Team 6
Imm w/o Hijab,0,3,0,Leipzig,Team 6
Imm w/o Hijab,1,1,1,Leipzig,Team 6
Imm w/o Hijab,1,3,1,Leipzig,Team 6
Imm w/o Hijab,1,3,.66666669,Leipzig,Team 6
German,0,4,0,Leipzig,Team 6
"Imm w/ Hijab, Progressive Att",1,3,.66666669,Leipzig,Team 6
Imm w/o Hijab,1,2,1,Leipzig,Team 6
German,1,3,.66666669,Leipzig,Team 6
"Imm w/ Hijab, Progressive Att",0,5,.2,Leipzig,Team 6
German,0,3,.33333334,Leipzig,Team 6
Imm w/o Hijab,1,2,.5,Leipzig,Team 6
German,1,2,1,Leipzig,Team 6
Imm w/o Hijab,0,1,0,Leipzig,Team 6
German,1,1,1,Leipzig,Team 6
Imm w/o Hijab,1,1,1,Leipzig,Team 6
"Imm w/ Hijab, Neutral Att",1,3,1,Leipzig,Team 6
Imm w/o Hijab,1,3,.66666669,Leipzig,Team 6
Imm w/o Hijab,1,1,0,Leipzig,Team 6
Imm w/o Hijab,1,5,.80000001,Leipzig,Team 6
Imm w/o Hijab,1,1,1,Leipzig,Team 6
Imm w/o Hijab,1,3,.66666669,Leipzig,Team 6
"Imm w/ Hijab, Progressive Att",1,1,0,Leipzig,Team 6
Imm w/o Hijab,0,1,0,Leipzig,Team 6
Imm w/o Hijab,1,3,1,Leipzig,Team 6
Imm w/o Hijab,1,2,.5,Leipzig,Team 6
German,1,2,1,Leipzig,Team 6
German,0,3,.66666669,Leipzig,Team 6
Imm w/o Hijab,1,4,.5,Leipzig,Team 6
Imm w/o Hijab,0,4,1,Leipzig,Team 6
"Imm w/ Hijab, Conservative Att",0,4,.5,Leipzig,Team 6
"Imm w/ Hijab, Progressive Att",1,2,1,Leipzig,Team 6
Imm w/o Hijab,1,2,1,Leipzig,Team 6
Imm w/o Hijab,0,3,.66666669,Leipzig,Team 6
German,0,2,.5,Zwickau,Team 6
Imm w/o Hijab,1,2,.5,Zwickau,Team 6
German,1,3,.33333334,Zwickau,Team 6
German,0,1,0,Zwickau,Team 6
German,1,1,0,Zwickau,Team 6
German,1,2,.5,Zwickau,Team 6
"Imm w/ Hijab, Neutral Att",0,2,.5,Zwickau,Team 6
"Imm w/ Hijab, Neutral Att",1,1,0,Zwickau,Team 6
"Imm w/ Hijab, Progressive Att",1,1,1,Zwickau,Team 6
Imm w/o Hijab,0,1,1,Zwickau,Team 6
"Imm w/ Hijab, Conservative Att",1,1,1,Zwickau,Team 6
German,1,1,0,Zwickau,Team 6
"Imm w/ Hijab, Conservative Att",1,2,.5,Zwickau,Team 6
Imm w/o Hijab,1,1,0,Zwickau,Team 6
"Imm w/ Hijab, Neutral Att",1,1,1,Zwickau,Team 6
"Imm w/ Hijab, Progressive Att",1,1,1,Zwickau,Team 6
German,0,1,0,Zwickau,Team 6
"Imm w/ Hijab, Neutral Att",0,1,0,Zwickau,Team 6
German,1,2,1,Zwickau,Team 6
German,1,1,1,Zwickau,Team 6
Imm w/o Hijab,1,1,1,Zwickau,Team 6
Imm w/o Hijab,0,1,0,Zwickau,Team 6
Imm w/o Hijab,0,1,1,Zwickau,Team 6
German,1,1,1,Zwickau,Team 6
German,1,3,0,Zwickau,Team 6
German,1,4,.5,Zwickau,Team 6
German,1,2,0,Zwickau,Team 6
Imm w/o Hijab,0,1,1,Zwickau,Team 6
Imm w/o Hijab,1,1,1,Zwickau,Team 6
Imm w/o Hijab,1,2,1,Zwickau,Team 6
Imm w/o Hijab,1,1,0,Zwickau,Team 6
Imm w/o Hijab,0,1,1,Zwickau,Team 6
Imm w/o Hijab,1,1,1,Zwickau,Team 6
Imm w/o Hijab,0,1,1,Zwickau,Team 6
"Imm w/ Hijab, Neutral Att",0,1,1,Zwickau,Team 6
German,0,2,.5,Zwickau,Team 6
"Imm w/ Hijab, Conservative Att",0,1,1,Zwickau,Team 6
"Imm w/ Hijab, Conservative Att",0,2,0,Zwickau,Team 6
Imm w/o Hijab,1,1,1,Zwickau,Team 6
"Imm w/ Hijab, Progressive Att",1,1,0,Zwickau,Team 6
"Imm w/ Hijab, Conservative Att",1,1,0,Zwickau,Team 6
Imm w/o Hijab,1,2,.5,Zwickau,Team 6
German,1,1,0,Chemnitz,Team 6
"Imm w/ Hijab, Progressive Att",0,3,.33333334,Chemnitz,Team 6
Imm w/o Hijab,0,2,.5,Chemnitz,Team 6
Imm w/o Hijab,1,2,.5,Chemnitz,Team 6
German,0,2,.5,Chemnitz,Team 6
German,1,2,1,Chemnitz,Team 6
Imm w/o Hijab,1,4,.5,Chemnitz,Team 6
"Imm w/ Hijab, Conservative Att",1,2,1,Chemnitz,Team 6
German,0,1,1,Chemnitz,Team 6
German,1,1,0,Chemnitz,Team 6
German,1,1,0,Chemnitz,Team 6
German,0,2,0,Chemnitz,Team 6
"Imm w/ Hijab, Conservative Att",1,1,0,Chemnitz,Team 6
German,1,2,0,Chemnitz,Team 6
Imm w/o Hijab,0,1,0,Chemnitz,Team 6
Imm w/o Hijab,0,1,1,Chemnitz,Team 6
Imm w/o Hijab,1,1,0,Chemnitz,Team 6
Imm w/o Hijab,1,1,0,Chemnitz,Team 6
Imm w/o Hijab,0,2,.5,Chemnitz,Team 6
Imm w/o Hijab,1,2,0,Chemnitz,Team 6
"Imm w/ Hijab, Conservative Att",1,1,1,Chemnitz,Team 6
"Imm w/ Hijab, Neutral Att",1,1,1,Chemnitz,Team 6
"Imm w/ Hijab, Progressive Att",1,3,.66666669,Chemnitz,Team 6
Imm w/o Hijab,1,1,0,Chemnitz,Team 6
German,1,1,0,Chemnitz,Team 6
German,1,1,1,Chemnitz,Team 6
Imm w/o Hijab,0,2,.5,Chemnitz,Team 6
German,1,1,1,Chemnitz,Team 6
Imm w/o Hijab,0,2,.5,Chemnitz,Team 6
"Imm w/ Hijab, Conservative Att",1,1,0,Chemnitz,Team 6
"Imm w/ Hijab, Conservative Att",1,2,.5,Chemnitz,Team 6
German,1,1,0,Chemnitz,Team 6
German,1,1,0,Chemnitz,Team 6
Imm w/o Hijab,1,1,0,Chemnitz,Team 6
German,1,1,0,Chemnitz,Team 6
German,1,1,0,Chemnitz,Team 6
Imm w/o Hijab,1,1,1,Chemnitz,Team 6
"Imm w/ Hijab, Conservative Att",1,1,0,Chemnitz,Team 6
Imm w/o Hijab,1,1,1,Chemnitz,Team 6
Imm w/o Hijab,1,2,1,Chemnitz,Team 6
German,1,1,1,Chemnitz,Team 6
Imm w/o Hijab,0,2,1,Chemnitz,Team 6
"Imm w/ Hijab, Progressive Att",1,1,1,Chemnitz,Team 6
"Imm w/ Hijab, Neutral Att",1,2,.5,Chemnitz,Team 6
Imm w/o Hijab,0,3,.33333334,Chemnitz,Team 6
Imm w/o Hijab,1,2,.5,Chemnitz,Team 6
"Imm w/ Hijab, Conservative Att",1,3,.33333334,Chemnitz,Team 6
German,1,2,.5,Leipzig,Team 6
Imm w/o Hijab,1,2,1,Leipzig,Team 6
Imm w/o Hijab,0,3,.33333334,Leipzig,Team 6
Imm w/o Hijab,1,2,.5,Leipzig,Team 6
Imm w/o Hijab,1,3,.33333334,Leipzig,Team 6
"Imm w/ Hijab, Neutral Att",0,1,1,Leipzig,Team 6
German,1,3,.66666669,Leipzig,Team 6
Imm w/o Hijab,1,3,.33333334,Leipzig,Team 6
"Imm w/ Hijab, Neutral Att",0,2,.5,Leipzig,Team 6
German,1,2,.5,Leipzig,Team 6
Imm w/o Hijab,1,3,1,Leipzig,Team 6
Imm w/o Hijab,0,1,0,Leipzig,Team 6
"Imm w/ Hijab, Conservative Att",0,2,.5,Leipzig,Team 6
"Imm w/ Hijab, Neutral Att",1,1,1,Leipzig,Team 6
German,1,1,0,Leipzig,Team 6
"Imm w/ Hijab, Progressive Att",1,3,.66666669,Leipzig,Team 6
"Imm w/ Hijab, Progressive Att",1,4,.75,Leipzig,Team 6
"Imm w/ Hijab, Neutral Att",1,2,1,Leipzig,Team 6
Imm w/o Hijab,1,3,1,Leipzig,Team 6
German,1,1,0,Leipzig,Team 6
Imm w/o Hijab,1,1,0,Leipzig,Team 6
"Imm w/ Hijab, Progressive Att",1,1,2,Leipzig,Team 6
"Imm w/ Hijab, Neutral Att",1,1,0,Leipzig,Team 6
German,0,1,1,Leipzig,Team 6
"Imm w/ Hijab, Neutral Att",0,3,.33333334,Leipzig,Team 6
Imm w/o Hijab,1,3,.33333334,Leipzig,Team 6
German,1,1,1,Leipzig,Team 6
Imm w/o Hijab,1,1,0,Leipzig,Team 6
"Imm w/ Hijab, Conservative Att",0,3,0,Leipzig,Team 6
Imm w/o Hijab,1,2,1,Leipzig,Team 6
Imm w/o Hijab,1,3,0,Leipzig,Team 6
German,0,2,1,Leipzig,Team 6
German,1,5,.40000001,Leipzig,Team 6
Imm w/o Hijab,1,4,.75,Leipzig,Team 6
"Imm w/ Hijab, Conservative Att",1,1,0,Leipzig,Team 6
German,1,2,.5,Leipzig,Team 6
German,1,2,.5,Leipzig,Team 6
"Imm w/ Hijab, Progressive Att",1,2,.5,Leipzig,Team 6
Imm w/o Hijab,1,2,.5,Leipzig,Team 6
German,1,1,0,Leipzig,Team 6
German,1,2,0,Leipzig,Team 6
German,1,4,.75,Leipzig,Team 6
German,0,2,.5,Leipzig,Team 6
Imm w/o Hijab,0,1,0,Leipzig,Team 6
"Imm w/ Hijab, Neutral Att",0,2,1,Chemnitz,Team 6
"Imm w/ Hijab, Progressive Att",1,2,.5,Chemnitz,Team 6
German,1,1,0,Chemnitz,Team 6
German,1,1,0,Chemnitz,Team 6
Imm w/o Hijab,1,3,.66666669,Chemnitz,Team 6
"Imm w/ Hijab, Neutral Att",1,5,.60000002,Chemnitz,Team 6
German,0,2,.5,Chemnitz,Team 6
Imm w/o Hijab,0,2,1,Chemnitz,Team 6
"Imm w/ Hijab, Progressive Att",1,2,.5,Chemnitz,Team 6
Imm w/o Hijab,1,4,.5,Chemnitz,Team 6
German,1,2,.5,Chemnitz,Team 6
Imm w/o Hijab,0,1,1,Chemnitz,Team 6
Imm w/o Hijab,0,1,1,Chemnitz,Team 6
German,1,1,1,Chemnitz,Team 6
"Imm w/ Hijab, Progressive Att",1,1,1,Chemnitz,Team 6
Imm w/o Hijab,1,2,.5,Chemnitz,Team 6
Imm w/o Hijab,1,3,.33333334,Chemnitz,Team 6
Imm w/o Hijab,1,2,0,Chemnitz,Team 6
Imm w/o Hijab,0,1,1,Chemnitz,Team 6
Imm w/o Hijab,0,3,.66666669,Chemnitz,Team 6
Imm w/o Hijab,1,2,.5,Chemnitz,Team 6
Imm w/o Hijab,0,1,0,Chemnitz,Team 6
Imm w/o Hijab,0,1,1,Chemnitz,Team 6
"Imm w/ Hijab, Neutral Att",0,2,.5,Chemnitz,Team 6
German,0,3,.33333334,Chemnitz,Team 6
Imm w/o Hijab,1,2,.5,Chemnitz,Team 6
Imm w/o Hijab,1,1,0,Chemnitz,Team 6
"Imm w/ Hijab, Neutral Att",0,2,.5,Chemnitz,Team 6
Imm w/o Hijab,1,1,0,Chemnitz,Team 6
Imm w/o Hijab,1,5,0,Chemnitz,Team 6
"Imm w/ Hijab, Neutral Att",1,3,.33333334,Chemnitz,Team 6
German,0,1,0,Chemnitz,Team 6
German,1,1,1,Chemnitz,Team 6
German,1,3,.66666669,Chemnitz,Team 6
Imm w/o Hijab,1,1,0,Chemnitz,Team 6
Imm w/o Hijab,1,2,.5,Chemnitz,Team 6
German,1,2,0,Chemnitz,Team 6
Imm w/o Hijab,1,3,.66666669,Leipzig,Team 6
Imm w/o Hijab,1,2,.5,Leipzig,Team 6
German,1,1,1,Leipzig,Team 6
"Imm w/ Hijab, Progressive Att",1,4,.75,Leipzig,Team 6
Imm w/o Hijab,1,2,.5,Leipzig,Team 6
"Imm w/ Hijab, Conservative Att",1,2,.5,Leipzig,Team 6
Imm w/o Hijab,1,3,.66666669,Leipzig,Team 6
Imm w/o Hijab,1,4,.75,Leipzig,Team 6
Imm w/o Hijab,1,2,1,Leipzig,Team 6
"Imm w/ Hijab, Neutral Att",1,2,.5,Leipzig,Team 6
"Imm w/ Hijab, Conservative Att",0,1,0,Leipzig,Team 6
German,1,1,1,Leipzig,Team 6
Imm w/o Hijab,0,1,1,Leipzig,Team 6
"Imm w/ Hijab, Conservative Att",1,1,0,Leipzig,Team 6
"Imm w/ Hijab, Progressive Att",0,4,1,Leipzig,Team 6
German,0,4,.75,Leipzig,Team 6
Imm w/o Hijab,1,3,.66666669,Leipzig,Team 6
Imm w/o Hijab,1,2,.5,Leipzig,Team 6
German,1,3,.33333334,Leipzig,Team 6
German,1,3,.33333334,Leipzig,Team 6
Imm w/o Hijab,1,2,.5,Leipzig,Team 6
German,1,1,1,Leipzig,Team 6
German,0,2,.5,Leipzig,Team 6
Imm w/o Hijab,1,1,1,Leipzig,Team 6
Imm w/o Hijab,0,2,0,Leipzig,Team 6
Imm w/o Hijab,0,2,.5,Leipzig,Team 6
German,1,1,1,Leipzig,Team 6
Imm w/o Hijab,1,1,1,Leipzig,Team 6
"Imm w/ Hijab, Progressive Att",1,1,1,Leipzig,Team 6
Imm w/o Hijab,0,2,.5,Leipzig,Team 6
Imm w/o Hijab,1,3,0,Leipzig,Team 6
Imm w/o Hijab,0,1,0,Leipzig,Team 6
German,1,2,.5,Leipzig,Team 6
"Imm w/ Hijab, Conservative Att",0,2,.5,Leipzig,Team 6
German,0,1,1,Leipzig,Team 6
Imm w/o Hijab,1,4,.5,Leipzig,Team 6
"Imm w/ Hijab, Neutral Att",1,1,0,Leipzig,Team 6
Imm w/o Hijab,1,2,.5,Leipzig,Team 6
Imm w/o Hijab,0,2,1,Dresden,Team 6
German,0,2,.5,Dresden,Team 6
"Imm w/ Hijab, Conservative Att",0,3,.33333334,Dresden,Team 6
German,1,1,0,Dresden,Team 6
"Imm w/ Hijab, Conservative Att",1,1,1,Dresden,Team 6
Imm w/o Hijab,0,4,.75,Dresden,Team 6
Imm w/o Hijab,1,1,0,Dresden,Team 6
Imm w/o Hijab,1,3,.33333334,Dresden,Team 6
Imm w/o Hijab,1,1,1,Dresden,Team 6
German,1,2,.5,Dresden,Team 6
German,1,1,1,Dresden,Team 6
"Imm w/ Hijab, Progressive Att",1,3,.66666669,Dresden,Team 6
German,1,2,.5,Dresden,Team 6
"Imm w/ Hijab, Conservative Att",0,1,0,Dresden,Team 6
Imm w/o Hijab,0,5,.40000001,Dresden,Team 6
"Imm w/ Hijab, Progressive Att",1,2,.5,Dresden,Team 6
"Imm w/ Hijab, Progressive Att",1,2,.5,Dresden,Team 6
Imm w/o Hijab,1,2,1,Dresden,Team 6
"Imm w/ Hijab, Neutral Att",0,2,.5,Dresden,Team 6
"Imm w/ Hijab, Conservative Att",1,1,0,Dresden,Team 6
Imm w/o Hijab,1,2,0,Dresden,Team 6
Imm w/o Hijab,1,2,.5,Dresden,Team 6
German,1,3,1,Dresden,Team 6
German,1,4,1,Dresden,Team 6
German,1,2,.5,Dresden,Team 6
Imm w/o Hijab,0,2,0,Dresden,Team 6
Imm w/o Hijab,1,1,0,Dresden,Team 6
German,0,1,1,Dresden,Team 6
Imm w/o Hijab,1,1,0,Dresden,Team 6
German,0,1,1,Dresden,Team 6
German,1,2,1,Dresden,Team 6
German,1,2,.5,Dresden,Team 6
"Imm w/ Hijab, Progressive Att",0,2,0,Dresden,Team 6
"Imm w/ Hijab, Neutral Att",1,2,1,Dresden,Team 6
Imm w/o Hijab,1,1,1,Dresden,Team 6
German,1,2,.5,Dresden,Team 6
German,1,2,1,Dresden,Team 6
Imm w/o Hijab,0,1,0,Dresden,Team 6
Imm w/o Hijab,0,2,1,Dresden,Team 6
Imm w/o Hijab,1,2,.5,Dresden,Team 6
Imm w/o Hijab,0,2,.5,Dresden,Team 6
German,1,4,.5,Dresden,Team 6
German,1,1,0,Dresden,Team 6
Imm w/o Hijab,1,2,.5,Dresden,Team 6
"Imm w/ Hijab, Neutral Att",1,4,.25,Dresden,Team 6
Imm w/o Hijab,0,2,1,Dresden,Team 6
German,1,1,0,Dresden,Team 6
German,1,1,0,Dresden,Team 6
Imm w/o Hijab,1,2,.5,Dresden,Team 6
German,1,2,1,Dresden,Team 6
Imm w/o Hijab,1,5,.60000002,Dresden,Team 6
German,1,2,.5,Chemnitz,Team 6
Imm w/o Hijab,1,3,.66666669,Chemnitz,Team 6
"Imm w/ Hijab, Neutral Att",0,3,.33333334,Chemnitz,Team 6
German,1,1,0,Chemnitz,Team 6
Imm w/o Hijab,1,1,0,Chemnitz,Team 6
"Imm w/ Hijab, Conservative Att",1,2,1,Chemnitz,Team 6
Imm w/o Hijab,1,1,1,Chemnitz,Team 6
Imm w/o Hijab,0,2,1,Chemnitz,Team 6
German,0,2,.5,Chemnitz,Team 6
Imm w/o Hijab,1,2,.5,Chemnitz,Team 6
Imm w/o Hijab,0,2,.5,Chemnitz,Team 6
Imm w/o Hijab,1,1,0,Chemnitz,Team 6
"Imm w/ Hijab, Neutral Att",1,1,0,Chemnitz,Team 6
Imm w/o Hijab,1,2,1,Chemnitz,Team 6
German,1,1,0,Chemnitz,Team 6
"Imm w/ Hijab, Progressive Att",1,1,1,Chemnitz,Team 6
Imm w/o Hijab,1,2,.5,Zwickau,Team 6
Imm w/o Hijab,1,3,.33333334,Zwickau,Team 6
"Imm w/ Hijab, Neutral Att",0,1,0,Zwickau,Team 6
Imm w/o Hijab,0,3,.33333334,Zwickau,Team 6
Imm w/o Hijab,1,2,.5,Zwickau,Team 6
German,1,2,.5,Zwickau,Team 6
German,1,1,0,Zwickau,Team 6
Imm w/o Hijab,1,1,1,Zwickau,Team 6
"Imm w/ Hijab, Conservative Att",1,1,1,Zwickau,Team 6
"Imm w/ Hijab, Neutral Att",0,2,.5,Zwickau,Team 6
German,1,2,.5,Zwickau,Team 6
"Imm w/ Hijab, Conservative Att",0,1,0,Zwickau,Team 6
Imm w/o Hijab,1,1,1,Zwickau,Team 6
Imm w/o Hijab,0,3,.33333334,Zwickau,Team 6
"Imm w/ Hijab, Neutral Att",1,2,1,Zwickau,Team 6
German,1,1,1,Zwickau,Team 6
German,1,3,.66666669,Zwickau,Team 6
German,1,1,1,Zwickau,Team 6
Imm w/o Hijab,0,1,1,Zwickau,Team 6
"Imm w/ Hijab, Conservative Att",0,2,.5,Zwickau,Team 6
Imm w/o Hijab,1,1,0,Zwickau,Team 6
Imm w/o Hijab,1,2,1,Zwickau,Team 6
"Imm w/ Hijab, Conservative Att",1,2,.5,Zwickau,Team 6
Imm w/o Hijab,0,1,0,Zwickau,Team 6
"Imm w/ Hijab, Neutral Att",1,1,0,Zwickau,Team 6
German,1,2,0,Zwickau,Team 6
"Imm w/ Hijab, Progressive Att",1,1,1,Zwickau,Team 6
Imm w/o Hijab,0,2,.5,Zwickau,Team 6
"Imm w/ Hijab, Neutral Att",1,2,0,Zwickau,Team 6
German,1,1,1,Zwickau,Team 6
German,1,1,1,Zwickau,Team 6
Imm w/o Hijab,1,1,0,Zwickau,Team 6
Imm w/o Hijab,1,2,0,Zwickau,Team 6
Imm w/o Hijab,1,1,0,Zwickau,Team 6
Imm w/o Hijab,1,1,1,Zwickau,Team 6
German,1,1,1,Zwickau,Team 6
Imm w/o Hijab,1,2,.5,Zwickau,Team 6
"Imm w/ Hijab, Conservative Att",1,1,0,Zwickau,Team 6
German,1,2,0,Zwickau,Team 6
Imm w/o Hijab,1,3,.33333334,Zwickau,Team 6
"Imm w/ Hijab, Neutral Att",0,2,.5,Zwickau,Team 6
German,1,1,1,Zwickau,Team 6
"Imm w/ Hijab, Neutral Att",1,3,.66666669,Zwickau,Team 6
"Imm w/ Hijab, Conservative Att",1,1,1,Zwickau,Team 6
Imm w/o Hijab,0,1,1,Zwickau,Team 6
Imm w/o Hijab,0,5,0,Zwickau,Team 6
German,1,1,0,Chemnitz,Team 6
German,0,2,1,Chemnitz,Team 6
"Imm w/ Hijab, Neutral Att",1,1,1,Chemnitz,Team 6
"Imm w/ Hijab, Neutral Att",1,1,0,Chemnitz,Team 6
Imm w/o Hijab,1,1,0,Chemnitz,Team 6
Imm w/o Hijab,1,2,0,Chemnitz,Team 6
Imm w/o Hijab,1,3,1,Chemnitz,Team 6
Imm w/o Hijab,1,1,1,Chemnitz,Team 6
"Imm w/ Hijab, Neutral Att",0,1,0,Chemnitz,Team 6
Imm w/o Hijab,1,1,1,Chemnitz,Team 6
Imm w/o Hijab,1,2,1,Chemnitz,Team 6
"Imm w/ Hijab, Neutral Att",1,2,.5,Chemnitz,Team 6
"Imm w/ Hijab, Progressive Att",1,1,0,Chemnitz,Team 6
"Imm w/ Hijab, Conservative Att",1,2,1,Chemnitz,Team 6
"Imm w/ Hijab, Neutral Att",1,2,.5,Chemnitz,Team 6
German,1,2,1,Chemnitz,Team 6
German,1,1,1,Chemnitz,Team 6
German,0,1,1,Chemnitz,Team 6
Imm w/o Hijab,0,1,1,Chemnitz,Team 6
Imm w/o Hijab,1,1,1,Chemnitz,Team 6
Imm w/o Hijab,1,1,1,Chemnitz,Team 6
German,1,2,1,Chemnitz,Team 6
German,1,1,1,Chemnitz,Team 6
Imm w/o Hijab,1,2,.5,Chemnitz,Team 6
"Imm w/ Hijab, Conservative Att",1,1,0,Chemnitz,Team 6
German,1,1,0,Chemnitz,Team 6
German,1,2,1,Chemnitz,Team 6
German,1,2,1,Chemnitz,Team 6
"Imm w/ Hijab, Progressive Att",1,1,1,Chemnitz,Team 6
Imm w/o Hijab,1,1,1,Chemnitz,Team 6
Imm w/o Hijab,1,2,.5,Chemnitz,Team 6
Imm w/o Hijab,0,3,.66666669,Chemnitz,Team 6
German,1,1,0,Chemnitz,Team 6
German,1,1,1,Chemnitz,Team 6
"Imm w/ Hijab, Neutral Att",1,1,0,Chemnitz,Team 6
Imm w/o Hijab,1,1,0,Chemnitz,Team 6
Imm w/o Hijab,0,3,.66666669,Chemnitz,Team 6
Imm w/o Hijab,1,3,1,Chemnitz,Team 6
German,1,1,1,Chemnitz,Team 6
Imm w/o Hijab,1,1,1,Chemnitz,Team 6
"Imm w/ Hijab, Conservative Att",1,1,1,Chemnitz,Team 6
Imm w/o Hijab,1,1,0,Chemnitz,Team 6
Imm w/o Hijab,1,1,0,Chemnitz,Team 6
Imm w/o Hijab,1,2,.5,Chemnitz,Team 6
German,1,1,1,Chemnitz,Team 6
Imm w/o Hijab,1,2,1,Chemnitz,Team 6
Imm w/o Hijab,1,1,1,Chemnitz,Team 6
"Imm w/ Hijab, Conservative Att",1,1,0,Chemnitz,Team 6
"Imm w/ Hijab, Conservative Att",0,1,0,Chemnitz,Team 6
Imm w/o Hijab,1,3,0,Chemnitz,Team 6
Imm w/o Hijab,1,1,0,Chemnitz,Team 6
German,1,1,0,Chemnitz,Team 6
German,1,1,1,Chemnitz,Team 6
Imm w/o Hijab,1,1,0,Chemnitz,Team 6
"Imm w/ Hijab, Conservative Att",1,3,.33333334,Leipzig,Team 6
Imm w/o Hijab,1,1,1,Leipzig,Team 6
"Imm w/ Hijab, Progressive Att",1,2,0,Leipzig,Team 6
"Imm w/ Hijab, Neutral Att",1,1,0,Leipzig,Team 6
German,1,1,1,Leipzig,Team 6
Imm w/o Hijab,1,1,1,Leipzig,Team 6
German,0,1,1,Leipzig,Team 6
Imm w/o Hijab,0,2,0,Leipzig,Team 6
Imm w/o Hijab,0,1,1,Leipzig,Team 6
Imm w/o Hijab,1,3,.66666669,Leipzig,Team 6
"Imm w/ Hijab, Neutral Att",0,1,0,Leipzig,Team 6
Imm w/o Hijab,0,1,1,Leipzig,Team 6
Imm w/o Hijab,1,3,.33333334,Leipzig,Team 6
Imm w/o Hijab,1,3,1,Leipzig,Team 6
German,1,1,1,Leipzig,Team 6
Imm w/o Hijab,0,1,1,Leipzig,Team 6
"Imm w/ Hijab, Progressive Att",1,1,1,Leipzig,Team 6
German,1,1,1,Leipzig,Team 6
Imm w/o Hijab,1,1,0,Leipzig,Team 6
Imm w/o Hijab,1,1,0,Leipzig,Team 6
German,1,1,1,Leipzig,Team 6
"Imm w/ Hijab, Conservative Att",1,1,1,Leipzig,Team 6
"Imm w/ Hijab, Neutral Att",0,3,.33333334,Leipzig,Team 6
Imm w/o Hijab,0,2,1,Leipzig,Team 6
Imm w/o Hijab,1,2,.5,Leipzig,Team 6
German,1,2,1,Leipzig,Team 6
Imm w/o Hijab,1,3,1,Leipzig,Team 6
Imm w/o Hijab,1,1,1,Leipzig,Team 6
Imm w/o Hijab,1,1,0,Leipzig,Team 6
"Imm w/ Hijab, Progressive Att",1,1,0,Leipzig,Team 6
"Imm w/ Hijab, Neutral Att",1,2,0,Leipzig,Team 6
"Imm w/ Hijab, Progressive Att",1,2,0,Leipzig,Team 6
Imm w/o Hijab,1,1,1,Leipzig,Team 6
German,1,2,1,Leipzig,Team 6
"Imm w/ Hijab, Conservative Att",1,1,0,Leipzig,Team 6
Imm w/o Hijab,1,1,0,Leipzig,Team 6
German,1,1,1,Leipzig,Team 6
Imm w/o Hijab,1,2,.5,Leipzig,Team 6
Imm w/o Hijab,1,2,.5,Leipzig,Team 6
Imm w/o Hijab,1,4,.5,Leipzig,Team 6
German,1,2,.5,Leipzig,Team 6
Imm w/o Hijab,1,4,.5,Leipzig,Team 6
"Imm w/ Hijab, Neutral Att",1,3,.33333334,Leipzig,Team 6
Imm w/o Hijab,1,1,1,Leipzig,Team 6
"Imm w/ Hijab, Conservative Att",1,1,1,Leipzig,Team 6
Imm w/o Hijab,0,2,.5,Leipzig,Team 6
Imm w/o Hijab,0,3,.33333334,Leipzig,Team 6
"Imm w/ Hijab, Conservative Att",1,2,0,Leipzig,Team 6
Imm w/o Hijab,0,4,.5,Leipzig,Team 6
German,1,1,1,Leipzig,Team 6
"Imm w/ Hijab, Conservative Att",1,2,.5,Leipzig,Team 6
Imm w/o Hijab,1,1,0,Leipzig,Team 6
"Imm w/ Hijab, Conservative Att",0,2,.5,Leipzig,Team 6
Imm w/o Hijab,1,1,1,Zwickau,Team 6
Imm w/o Hijab,0,1,1,Zwickau,Team 6
Imm w/o Hijab,0,2,.5,Zwickau,Team 6
Imm w/o Hijab,1,1,0,Zwickau,Team 6
"Imm w/ Hijab, Conservative Att",1,1,1,Zwickau,Team 6
Imm w/o Hijab,0,1,0,Zwickau,Team 6
Imm w/o Hijab,0,1,1,Zwickau,Team 6
Imm w/o Hijab,1,1,0,Zwickau,Team 6
German,1,2,.5,Zwickau,Team 6
Imm w/o Hijab,1,1,1,Zwickau,Team 6
Imm w/o Hijab,1,1,1,Zwickau,Team 6
"Imm w/ Hijab, Conservative Att",1,2,.5,Zwickau,Team 6
"Imm w/ Hijab, Neutral Att",0,1,0,Zwickau,Team 6
Imm w/o Hijab,0,1,1,Zwickau,Team 6
Imm w/o Hijab,1,1,0,Zwickau,Team 6
"Imm w/ Hijab, Conservative Att",0,1,0,Zwickau,Team 6
"Imm w/ Hijab, Conservative Att",1,1,0,Zwickau,Team 6
"Imm w/ Hijab, Progressive Att",0,1,1,Zwickau,Team 6
Imm w/o Hijab,0,1,0,Zwickau,Team 6
German,1,2,.5,Zwickau,Team 6
"Imm w/ Hijab, Conservative Att",1,1,1,Zwickau,Team 6
German,1,1,1,Zwickau,Team 6
Imm w/o Hijab,1,2,1,Zwickau,Team 6
Imm w/o Hijab,1,1,0,Zwickau,Team 6
Imm w/o Hijab,0,1,0,Zwickau,Team 6
Imm w/o Hijab,1,1,0,Zwickau,Team 6
"Imm w/ Hijab, Neutral Att",1,2,1,Zwickau,Team 6
Imm w/o Hijab,1,1,0,Zwickau,Team 6
German,1,1,0,Zwickau,Team 6
Imm w/o Hijab,1,1,1,Zwickau,Team 6
"Imm w/ Hijab, Progressive Att",1,2,1,Zwickau,Team 6
"Imm w/ Hijab, Progressive Att",1,1,0,Zwickau,Team 6
Imm w/o Hijab,1,1,1,Zwickau,Team 6
"Imm w/ Hijab, Conservative Att",1,1,0,Zwickau,Team 6
German,1,2,.5,Zwickau,Team 6
German,1,1,0,Zwickau,Team 6
German,1,1,1,Zwickau,Team 6
German,1,1,0,Zwickau,Team 6
German,1,1,0,Zwickau,Team 6
"Imm w/ Hijab, Progressive Att",1,2,.5,Zwickau,Team 6
"Imm w/ Hijab, Progressive Att",1,3,0,Zwickau,Team 6
German,1,1,1,Zwickau,Team 6
Imm w/o Hijab,1,1,0,Zwickau,Team 6
Imm w/o Hijab,0,1,1,Zwickau,Team 6
Imm w/o Hijab,1,1,0,Zwickau,Team 6
German,1,3,.33333334,Zwickau,Team 6
Imm w/o Hijab,1,1,0,Zwickau,Team 6
Imm w/o Hijab,1,1,0,Zwickau,Team 6
Imm w/o Hijab,0,2,1,Zwickau,Team 6
German,0,2,1,Zwickau,Team 6
Imm w/o Hijab,1,1,1,Zwickau,Team 6
Imm w/o Hijab,1,2,.5,Zwickau,Team 6
German,1,2,.5,Zwickau,Team 6
German,1,2,.5,Zwickau,Team 6
"Imm w/ Hijab, Conservative Att",1,2,.5,Zwickau,Team 6
"Imm w/ Hijab, Progressive Att",0,1,1,Zwickau,Team 6
Imm w/o Hijab,1,1,0,Chemnitz,Team 6
Imm w/o Hijab,1,3,.66666669,Chemnitz,Team 6
"Imm w/ Hijab, Conservative Att",0,2,.5,Chemnitz,Team 6
Imm w/o Hijab,1,3,1,Chemnitz,Team 6
German,1,1,1,Chemnitz,Team 6
Imm w/o Hijab,1,2,1,Chemnitz,Team 6
"Imm w/ Hijab, Progressive Att",1,3,.66666669,Chemnitz,Team 6
"Imm w/ Hijab, Conservative Att",1,2,.5,Chemnitz,Team 6
Imm w/o Hijab,1,1,1,Chemnitz,Team 6
Imm w/o Hijab,0,1,1,Chemnitz,Team 6
"Imm w/ Hijab, Conservative Att",1,2,.5,Chemnitz,Team 6
German,1,1,0,Chemnitz,Team 6
German,1,2,1,Chemnitz,Team 6
"Imm w/ Hijab, Neutral Att",1,2,0,Chemnitz,Team 6
Imm w/o Hijab,1,2,.5,Chemnitz,Team 6
"Imm w/ Hijab, Progressive Att",1,1,0,Chemnitz,Team 6
"Imm w/ Hijab, Conservative Att",1,1,1,Chemnitz,Team 6
German,1,1,0,Chemnitz,Team 6
Imm w/o Hijab,0,2,0,Chemnitz,Team 6
Imm w/o Hijab,1,1,1,Chemnitz,Team 6
German,1,3,.33333334,Chemnitz,Team 6
German,1,1,0,Chemnitz,Team 6
German,1,1,1,Chemnitz,Team 6
German,0,3,.33333334,Chemnitz,Team 6
"Imm w/ Hijab, Progressive Att",0,1,1,Chemnitz,Team 6
German,1,3,.33333334,Chemnitz,Team 6
Imm w/o Hijab,1,1,1,Chemnitz,Team 6
German,1,4,.5,Chemnitz,Team 6
"Imm w/ Hijab, Conservative Att",1,2,1,Chemnitz,Team 6
Imm w/o Hijab,1,2,1,Chemnitz,Team 6
Imm w/o Hijab,1,1,1,Chemnitz,Team 6
Imm w/o Hijab,0,1,0,Chemnitz,Team 6
German,1,1,1,Chemnitz,Team 6
Imm w/o Hijab,0,1,0,Chemnitz,Team 6
"Imm w/ Hijab, Conservative Att",1,1,0,Chemnitz,Team 6
"Imm w/ Hijab, Neutral Att",0,3,.33333334,Chemnitz,Team 6
"Imm w/ Hijab, Neutral Att",1,2,.5,Chemnitz,Team 6
German,1,1,1,Chemnitz,Team 6
German,1,1,0,Chemnitz,Team 6
Imm w/o Hijab,1,1,1,Chemnitz,Team 6
"Imm w/ Hijab, Progressive Att",0,1,0,Chemnitz,Team 6
Imm w/o Hijab,1,1,1,Chemnitz,Team 6
German,1,1,0,Chemnitz,Team 6
"Imm w/ Hijab, Neutral Att",1,2,1,Chemnitz,Team 6
German,1,1,1,Chemnitz,Team 6
Imm w/o Hijab,1,1,1,Chemnitz,Team 6
Imm w/o Hijab,1,1,1,Chemnitz,Team 6
Imm w/o Hijab,1,2,.5,Chemnitz,Team 6
"Imm w/ Hijab, Progressive Att",1,2,0,Chemnitz,Team 6
German,1,1,0,Chemnitz,Team 6
German,1,2,.5,Chemnitz,Team 6
Imm w/o Hijab,0,2,0,Chemnitz,Team 6
German,1,1,0,Chemnitz,Team 6
German,1,1,1,Chemnitz,Team 6
"Imm w/ Hijab, Neutral Att",0,3,.66666669,Chemnitz,Team 6
Imm w/o Hijab,1,1,1,Chemnitz,Team 6
Imm w/o Hijab,1,3,.66666669,Chemnitz,Team 6
"Imm w/ Hijab, Neutral Att",1,1,1,Chemnitz,Team 6
"Imm w/ Hijab, Neutral Att",1,1,1,Chemnitz,Team 6
German,1,1,1,Chemnitz,Team 6
Imm w/o Hijab,1,1,0,Dresden,Team 6
German,1,2,.5,Dresden,Team 6
German,0,2,0,Dresden,Team 6
Imm w/o Hijab,1,2,.5,Dresden,Team 6
Imm w/o Hijab,1,2,0,Dresden,Team 6
Imm w/o Hijab,1,5,.60000002,Dresden,Team 6
Imm w/o Hijab,0,1,1,Dresden,Team 6
"Imm w/ Hijab, Progressive Att",1,1,1,Dresden,Team 6
"Imm w/ Hijab, Progressive Att",1,3,1,Dresden,Team 6
Imm w/o Hijab,0,1,0,Dresden,Team 6
"Imm w/ Hijab, Conservative Att",1,2,.5,Dresden,Team 6
Imm w/o Hijab,1,4,1,Dresden,Team 6
"Imm w/ Hijab, Conservative Att",1,2,1,Dresden,Team 6
"Imm w/ Hijab, Conservative Att",1,4,.5,Dresden,Team 6
Imm w/o Hijab,1,1,1,Dresden,Team 6
"Imm w/ Hijab, Neutral Att",1,1,1,Dresden,Team 6
Imm w/o Hijab,1,4,1,Dresden,Team 6
German,1,1,0,Dresden,Team 6
Imm w/o Hijab,1,2,.5,Dresden,Team 6
"Imm w/ Hijab, Progressive Att",1,1,0,Dresden,Team 6
Imm w/o Hijab,1,1,1,Dresden,Team 6
German,1,2,.5,Dresden,Team 6
German,1,2,.5,Dresden,Team 6
"Imm w/ Hijab, Neutral Att",1,1,0,Dresden,Team 6
Imm w/o Hijab,0,3,0,Dresden,Team 6
Imm w/o Hijab,1,1,1,Dresden,Team 6
"Imm w/ Hijab, Neutral Att",1,2,1,Dresden,Team 6
Imm w/o Hijab,1,2,1,Dresden,Team 6
"Imm w/ Hijab, Progressive Att",0,1,0,Dresden,Team 6
Imm w/o Hijab,1,3,.66666669,Dresden,Team 6
Imm w/o Hijab,1,1,0,Dresden,Team 6
Imm w/o Hijab,1,3,.66666669,Dresden,Team 6
"Imm w/ Hijab, Progressive Att",1,3,.33333334,Dresden,Team 6
"Imm w/ Hijab, Conservative Att",1,4,1,Dresden,Team 6
German,0,1,1,Dresden,Team 6
"Imm w/ Hijab, Neutral Att",1,3,.33333334,Dresden,Team 6
Imm w/o Hijab,0,4,0,Dresden,Team 6
"Imm w/ Hijab, Conservative Att",0,1,1,Dresden,Team 6
Imm w/o Hijab,0,1,1,Dresden,Team 6
"Imm w/ Hijab, Neutral Att",1,1,1,Dresden,Team 6
"Imm w/ Hijab, Neutral Att",1,1,1,Dresden,Team 6
"Imm w/ Hijab, Conservative Att",1,2,0,Dresden,Team 6
"Imm w/ Hijab, Conservative Att",0,1,0,Dresden,Team 6
German,1,2,0,Dresden,Team 6
Imm w/o Hijab,1,2,.5,Dresden,Team 6
"Imm w/ Hijab, Neutral Att",1,2,1,Dresden,Team 6
"Imm w/ Hijab, Neutral Att",1,1,0,Dresden,Team 6
Imm w/o Hijab,1,2,0,Dresden,Team 6
German,0,3,0,Leipzig,Team 6
German,1,2,.5,Leipzig,Team 6
"Imm w/ Hijab, Progressive Att",0,1,0,Leipzig,Team 6
Imm w/o Hijab,1,1,1,Leipzig,Team 6
Imm w/o Hijab,1,1,0,Leipzig,Team 6
"Imm w/ Hijab, Progressive Att",1,1,1,Leipzig,Team 6
"Imm w/ Hijab, Progressive Att",0,1,1,Leipzig,Team 6
German,1,3,.66666669,Leipzig,Team 6
"Imm w/ Hijab, Progressive Att",1,2,.5,Leipzig,Team 6
"Imm w/ Hijab, Conservative Att",1,1,1,Leipzig,Team 6
"Imm w/ Hijab, Progressive Att",1,1,0,Leipzig,Team 6
Imm w/o Hijab,1,1,1,Leipzig,Team 6
Imm w/o Hijab,1,1,0,Leipzig,Team 6
"Imm w/ Hijab, Progressive Att",0,1,0,Leipzig,Team 6
German,1,3,.66666669,Leipzig,Team 6
"Imm w/ Hijab, Neutral Att",1,1,1,Leipzig,Team 6
German,1,2,1,Leipzig,Team 6
German,1,1,1,Leipzig,Team 6
Imm w/o Hijab,1,3,1,Leipzig,Team 6
Imm w/o Hijab,0,1,1,Leipzig,Team 6
Imm w/o Hijab,1,1,0,Leipzig,Team 6
Imm w/o Hijab,1,1,1,Leipzig,Team 6
"Imm w/ Hijab, Neutral Att",0,1,1,Leipzig,Team 6
Imm w/o Hijab,1,1,0,Leipzig,Team 6
Imm w/o Hijab,1,1,0,Leipzig,Team 6
Imm w/o Hijab,1,1,1,Leipzig,Team 6
"Imm w/ Hijab, Progressive Att",1,1,0,Leipzig,Team 6
German,1,3,1,Leipzig,Team 6
"Imm w/ Hijab, Conservative Att",0,1,1,Leipzig,Team 6
German,1,4,.5,Leipzig,Team 6
"Imm w/ Hijab, Conservative Att",1,1,1,Leipzig,Team 6
"Imm w/ Hijab, Progressive Att",0,1,1,Leipzig,Team 6
"Imm w/ Hijab, Progressive Att",1,3,.33333334,Leipzig,Team 6
Imm w/o Hijab,0,1,0,Leipzig,Team 6
Imm w/o Hijab,1,1,1,Leipzig,Team 6
"Imm w/ Hijab, Progressive Att",1,1,1,Leipzig,Team 6
Imm w/o Hijab,1,1,1,Leipzig,Team 6
Imm w/o Hijab,1,2,0,Leipzig,Team 6
"Imm w/ Hijab, Neutral Att",1,1,0,Leipzig,Team 6
Imm w/o Hijab,1,1,0,Leipzig,Team 6
Imm w/o Hijab,1,3,0,Leipzig,Team 6
Imm w/o Hijab,1,2,1,Leipzig,Team 6
German,1,1,0,Leipzig,Team 6
Imm w/o Hijab,1,1,0,Leipzig,Team 6
"Imm w/ Hijab, Neutral Att",0,1,1,Leipzig,Team 6
Imm w/o Hijab,1,2,.5,Leipzig,Team 6
"Imm w/ Hijab, Progressive Att",1,1,0,Leipzig,Team 6
Imm w/o Hijab,0,1,0,Leipzig,Team 6
Imm w/o Hijab,1,1,1,Leipzig,Team 6
Imm w/o Hijab,1,1,0,Leipzig,Team 6
German,0,1,1,Leipzig,Team 6
Imm w/o Hijab,1,1,0,Leipzig,Team 6
German,1,1,0,Leipzig,Team 6
Imm w/o Hijab,1,2,0,Leipzig,Team 6
Imm w/o Hijab,1,1,0,Chemnitz,Team 6
German,1,1,0,Chemnitz,Team 6
Imm w/o Hijab,0,1,1,Chemnitz,Team 6
Imm w/o Hijab,1,2,1,Chemnitz,Team 6
"Imm w/ Hijab, Progressive Att",1,1,1,Chemnitz,Team 6
German,0,1,1,Chemnitz,Team 6
Imm w/o Hijab,1,1,0,Chemnitz,Team 6
Imm w/o Hijab,1,2,.5,Chemnitz,Team 6
Imm w/o Hijab,1,1,1,Chemnitz,Team 6
"Imm w/ Hijab, Neutral Att",1,1,1,Chemnitz,Team 6
"Imm w/ Hijab, Progressive Att",1,3,.66666669,Chemnitz,Team 6
"Imm w/ Hijab, Neutral Att",0,1,0,Chemnitz,Team 6
"Imm w/ Hijab, Conservative Att",0,1,1,Chemnitz,Team 6
"Imm w/ Hijab, Conservative Att",1,2,1,Chemnitz,Team 6
German,0,2,1,Chemnitz,Team 6
German,1,2,0,Chemnitz,Team 6
German,1,2,0,Chemnitz,Team 6
Imm w/o Hijab,0,2,.5,Chemnitz,Team 6
"Imm w/ Hijab, Neutral Att",0,2,.5,Chemnitz,Team 6
Imm w/o Hijab,1,2,0,Chemnitz,Team 6
Imm w/o Hijab,1,1,0,Chemnitz,Team 6
Imm w/o Hijab,1,3,.66666669,Chemnitz,Team 6
Imm w/o Hijab,0,1,0,Chemnitz,Team 6
German,1,1,1,Chemnitz,Team 6
German,1,2,.5,Chemnitz,Team 6
Imm w/o Hijab,1,2,0,Chemnitz,Team 6
